label,token_count,text,original_text
0,31,请国家还原真相nbspnbsp因为相关部门的过失害死了这么多人nbspnbspnbsp现在连死亡人数也要隐瞒nbspnbspnbsp是人么你们nbspnbspnbsp,请国家还原真相&nbsp;&nbsp;因为相关部门的过失害死了这么多人&nbsp;&nbsp;&nbsp;现在连死亡人数也要隐瞒&nbsp;&nbsp;&nbsp;是人么你们&nbsp;&nbsp;&nbsp;#塘沽爆炸真相#
1,31,Stark家族恭喜权力的游戏在第67届艾美奖中获得24项提名与12座奖杯私生子囧斯诺则表示我啥也不知道,Stark家族恭喜《权力的游戏》在第67届艾美奖中获得24项提名与12座奖杯。私生子囧斯诺则表示我啥也不知道。
1,32,今天上午山东平邑一石膏矿垮塌引发震动目前有多人被埋伤亡不明据 正式测定振动相当于4级地震据新华社愿一切平安,今天上午，山东平邑一石膏矿垮塌引发震动，目前有多人被埋，伤亡不明。据@中国地震台网速报 正式测定：振动相当于4级地震。（据新华社）愿一切平安！
0,32,转发一位叫徐敬的女孩21岁请速回雅安水城县人民医院妈妈伤的很严重想见她最后一面爸爸号码15193383486爱心接力,（转发）一位叫徐敬的女孩，21岁，请速回雅安水城县人民医院，妈妈伤的很严重，想见她最后一面，爸爸号码：15193383486，爱心接力！
0,33,男主已被乱棍打死好么 来自网易新闻广西南宁一奔驰车闯拆迁现场撞人 致3人受伤更多精彩尽在 O网页链接,『男主已被乱棍打死好么』-- 来自网易新闻《广西南宁一奔驰车闯拆迁现场撞人 致3人受伤》更多精彩尽在 O网页链接
0,34,我们曾经看过的超人迪加奥特曼已经死了 男主角长野博在2013年4月25日长野博出车祸去世享年40岁,我们曾经看过的超人迪加奥特曼已经死了 ！！！ 男主角长野博在2013年4月25日长野博出车祸去世。享年40岁
0,35,台风海欧悄悄的走了传说中的乌鸦又来伟大的神啊请不要再玩我们这些善良的人们了劳烦您拐个弯去他国吧 我在2金海岸大道,台风海欧悄悄的走了，传说中的乌鸦又来？伟大的神啊！请不要再玩我们这些善良的人们了，劳烦您拐个弯去他国吧！ 我在:2金海岸大道
1,35,致青春12部值得一看的日本电影把平常无奇的青春拍得动人心魄O24楼影院影荐 致青春12部值得一看的日本电影,#24楼影院#【影荐 | 致青春，12部值得一看的日本电影】把平常无奇的青春拍得动人心魄。O【24楼影院】影荐 | 致青春，12部值得一看的日本电影
1,36,汤面做法集锦汤面虽则简单却透着一股浓浓的温暖在这个寒冷的夜晚来上一碗热汤面在适合不过了试学几道吧by网络,【汤面做法集锦】汤面，虽则简单，却透着一股浓浓的温暖。在这个寒冷的夜晚来上一碗热汤面在适合不过了！试学几道吧!by网络
0,37,帮忙转发一下一名中学生叫周榆棍17岁请速回平山县医院妈妈伤的很严重想见她最后一面爸爸号码18332383039爱心接力好人有好报,帮忙转发一下，一名中学生，叫周榆棍，17岁，请速回平山县医院，妈妈伤的很严重，想见她最后一面，爸爸号码：18332383039爱心接力，好人有好报 ！！！！@天使向莉 @汪永强律师@孔智勇@王光复@一笔书生 @王亚军北京
0,38,帮忙转发一下一位叫徐敬的女孩21岁请速回雅安水城县人民医院妈妈伤的很严重想见她最后一面爸爸号码15193383486爱心接力好人有好报,#雅安7级地震# 帮忙转发一下，一位叫徐敬的女孩，21岁，请速回雅安水城县人民医院，妈妈伤的很严重，想见她最后一面，爸爸号码：15193383486，爱心接力，好人有好报
1,38,在家自制美味的地三鲜地三鲜最最最普通的家常食材但做出来的味道绝对不比肉菜差而且超级下饭转自网络 转给TA 做起来,#生活经# 【在家自制美味的地三鲜】地三鲜，最最最普通的家常食材，但做出来的味道绝对不比肉菜差，而且超级下饭！（转自网络） 转给TA ，做起来~！
0,40,调查地沟油的记者李翔死了身中10余刀惨死他为全国不能吃特供的十多亿人民的食品安全努力过他付出了年轻的生命请动一下鼠标转发表达一下谢意,调查地沟油的记者，李翔，死了，身中10余刀，惨死。他为全国不能吃特供的十多亿人民的食品安全努力过。他付出了年轻的生命。请动一下鼠标，转发，表达一下谢意@王克勤 @王跃文 @薛蛮子
0,41,注意了肯德基情人节点餐就送套套为了避免尴尬和儿童他们不会主动说和宣传的你需要的话就对店员说送我几个肯德基安全套他们就会免费给不要错过,注意了！！！肯德基情人节点餐就送套套，为了避免尴尬和儿童，他们不会主动说和宣传的，你需要的话就对店员说送我几个肯德基安全套，他们就会免费给！！！！不要错过！
1,41,A股再次熔断 沪深300跌幅触及7A股再次熔断沪深300跌幅触及7暂停交易至收盘目前沪指跌超7创业板重挫逾8O相关新闻相关推荐,【A股再次熔断 沪深300跌幅触及7%】A股再次熔断！沪深300跌幅触及7%，暂停交易至收盘。目前，沪指跌超7%，创业板重挫逾8%。O相关新闻相关推荐
0,42,牛B军哥军姐开军车违规还要铲除执法交警组图近日南京军区南京警备区一军车上的便衣哥姐要铲除执法的交警中队副中队长,[牛B军哥军姐开军车违规还要铲除执法交警（组图）]近日，南京军区南京警备区一军车上的便衣哥姐要铲除执法的交警中队副中队长。
1,43,福建省长苏树林涉嫌严重违纪接受组织调查据中央纪委监察部网站福建省委副书记省长苏树林涉嫌严重违纪目前正接受组织调查O福建省委副书记省长苏树林涉嫌严重违纪接受组织调查,【福建省长苏树林涉嫌严重违纪接受组织调查】据中央纪委监察部网站：福建省委副书记、省长苏树林涉嫌严重违纪，目前正接受组织调查。O福建省委副书记、省长苏树林涉嫌严重违纪接受组织调查
1,44,缩时摄影展现英国上空忙碌航线看完这个视频有两个感受1Amazing 2 不知哪位神人能做个中国上空的估计更Amazing L视频缩时摄影展现英国上空忙碌航班 景象惊人,【缩时摄影展现英国上空忙碌航线】看完这个视频有两个感受，1：Amazing.... 2. 不知哪位神人能做个中国上空的，估计更Amazing  L视频：缩时摄影展现英国上空忙碌航班 景象惊人
0,44,最近有消息称马云已投资移民香港预计2015年成为香港永久居民希望晚年能在香港度过自此深刻影响当下中国大陆年轻人生活方式的三马只剩下马赛克和马克思了 2晋中绵山,最近，有消息称马云已投资移民香港，预计2015年成为香港永久居民，希望晚年能在香港度过。自此，深刻影响当下中国大陆年轻人生活方式的“三马”，只剩下“马赛克”和“马克思”了。 2晋中·绵山
0,45,越南惊现神奇乳瓜 酷似女人乳房在越南有一种外形酷似女人胸部的越南乳瓜越南商务部发言人说预计适当时间这种瓜果会大量进入中国市场流入千家万户的餐桌 O网页链接,【越南惊现神奇乳瓜 酷似女人乳房】在越南有一种外形酷似女人胸部的越南乳瓜，越南商务部发言人说，预计适当时间这种瓜果会大量进入中国市场，流入千家万户的餐桌。 O网页链接
1,46,国产超大型综合补给舰壮观出坞网友拍摄到一艘国产大型水面舰船出坞的壮观场面分析称该舰系超大型水面补给舰船吨位高达5万吨可为航母提供补给O网页链接,【国产超大型综合补给舰壮观出坞】网友拍摄到一艘国产大型水面舰船出坞的壮观场面。分析称该舰系超大型水面补给舰船，吨位高达5万吨，可为航母提供补给。O网页链接
0,46,快馬傳遞 谁的群最多帮忙转发一下一位叫徐敬的女孩21岁请速回雅安水城县人民医院妈妈伤的很严重想见她最后一面爸爸号码15193383486爱心接力好人有好报,快馬傳遞: 谁的群最多，帮忙转发一下，一位叫徐敬的女孩，21岁，请速回雅安水城县人民医院，妈妈伤的很严重，想见她最后一面，爸爸号码：15193383486，爱心接力，好人有好报
0,47,惠州城管和小贩冲突女小贩拿剪刀刺伤城管城管先占领了舆论高地着重强调城管队员被刺伤媒体就是不提女小贩被扒下了裤子被打昏迷O网页链接 我在2云路街,惠州城管和小贩冲突，女小贩拿剪刀刺伤城管，城管先占领了舆论高地，着重强调城管队员被刺伤，媒体就是不提女小贩被扒下了裤子，被打昏迷。O网页链接 我在:2云路街
1,48,阿里系表现抢眼 雄踞榜首 等都强势入百 仍稳居前三同时百强迎来不少黑马如 等排位提升显著运营可圈可点O10月份企业微博影响力百强榜来袭,#企业微博百强榜#10月榜单新鲜出炉！本期 “阿里系”表现抢眼，@天猫 雄踞榜首，@我的头好重啊啊啊、@阿里旅行 等都强势入百。@戴瑞珠宝Darry-Ring 仍稳居前三。同时，百强迎来不少“黑马”，如：@一加手机 、@高洁丝 等，排位提升显著，运营可圈可点。O10月份企业微博影响力百强榜来袭！
0,48,以后买牙膏要注意了牙膏尾部的颜色代表什么意思你知道吗爱护家人健康需留心颜色有4种绿蓝红黑 绿色纯天然 蓝色天然药物 红色天然化学成分 黑色纯化学转发艾特给你的亲人朋友吧,以后买牙膏要注意了！牙膏尾部的颜色代表什么意思你知道吗？爱护家人健康需留心。颜色有4种:绿、蓝、红、黑. 绿色:纯天然； 蓝色:天然+药物； 红色:天然+化学成分； 黑色:纯化学！转发艾特给你的亲人朋友吧！
1,49,真的是买不到国旗了 法国人爱起国来也是很拼的 今天法国官方祭奠亡灵号召每家每户挂国旗结果国旗供不应求于是浪漫而爱国的某些法国人民挂出了贴心的爱 来自网络,真的是买不到国旗了 ... 法国人爱起国来，也是很拼的 / 今天法国官方祭奠亡灵，号召每家每户挂国旗，结果国旗供不应求，于是浪漫而爱国的某些法国人民挂出了贴心的爱 ... （来自网络）
0,49,寻人启事 13759695559 帮忙扩散昨天上午一个三岁多小女孩在集宁广场附近被人拐走了O京东拍拍网 原知胃 提供健康养生食材 休闲食品价格实惠诚信可靠欢迎选购,"寻人启事 13759695559 帮忙扩散，昨天上午一个三岁多小女孩在集宁广场附近被人拐走了！O京东拍拍网 原知胃 提供：健康养生食材 ,休闲食品,价格实惠，诚信可靠，欢迎选购"
1,50,流浪狗被踢后招来朋友复仇石家庄一名男子因为流浪狗睡在家门前的停车场所以出来踢走它原以为狗狗就这样默默离开没想到趁男子不在场它找来狗朋友们展开毁车复仇 网友动物也有自尊心,【#狗的复仇# 流浪狗被踢后招来朋友复仇】石家庄一名男子因为流浪狗睡在家门前的停车场，所以出来踢走它，原以为狗狗就这样默默离开，没想到趁男子不在场，它找来狗朋友们，展开毁车复仇。@河北新闻哥 网友：动物也有自尊心！
0,50,立刻检查一下你家里的牙膏 如果是黑色条马上扔掉 牙膏管上面的颜色是有含义的 一共分4种绿 蓝 红 黑 绿色纯天然 蓝色天然药物 红色天然化学成分 黑色纯化学 转,立刻检查一下你家里的牙膏 如果是黑色条马上扔掉 牙膏管上面的颜色是有含义的 一共分4种：绿 蓝 红 黑 绿色：纯天然 蓝色：天然+药物 红色：天然+化学成分 黑色：纯化学 （转）
0,51,特特特特特特大好消息卖狗肉违法了 国家食品药品监督局11月1日开始集中受理狗肉馆举报举报电话12331 大家扩散出去啊爱狗狗爱动物养狗的爱狗的请果断转发见一个举报一个,特特特特特特大好消息！卖狗肉违法了， 国家食品药品监督局11月1日开始集中受理狗肉馆举报，举报电话：12331 ．大家扩散出去啊！爱狗狗爱动物！养狗的爱狗的请果断转发！见一个举报一个
0,52,美国护照中写着不管你身处何方美国政府都是你强大的后盾在中国护照中写着请严格遵守当地的法律并尊重那里的风俗习惯微评美国说出去了有人欺负你招呼一声咱修理他中国说出去了老实点听人家话少给老子惹麻烦,美国护照中写着：不管你身处何方，美国政府都是你强大的后盾。在中国护照中写着：请严格遵守当地的法律，并尊重那里的风俗习惯。微评：美国说：出去了有人欺负你，招呼一声咱修理他！中国说：出去了老实点，听人家话，少给老子惹麻烦！
1,52,江苏教育厅官方英文网站开通啦日前江苏教育厅的官方英文网江苏教育英文网及其手机APP已正式上线啦该网站旨在为国际友人提供最新江苏教育资讯搭建教育交流合作平台网址戳O网页链接 手机APP O网页链接,【江苏教育厅官方英文网站开通啦！】日前，江苏教育厅的官方英文网——江苏教育英文网及其手机APP已正式上线啦！该网站旨在为国际友人提供最新江苏教育资讯，搭建教育交流合作平台。网址戳O网页链接 手机APP O网页链接
1,53,当心孤独它会让人生病文人和哲人说孤独是一种境界好吧即使把它视为一种高级的东西也不能享受太多新一期美国国家科学院学报刊载新研究发现孤独会通过影响特定的基因表达等方式削弱人体免疫力最终使人更容易患上各类疾病O网页链接,【当心孤独！它会让人生病】文人和哲人说，孤独是一种境界。好吧，即使把它视为一种高级的东西，也不能享受太多。新一期美国《国家科学院学报》刊载新研究发现，孤独会通过影响特定的基因表达等方式，削弱人体免疫力，最终使人更容易患上各类疾病。O网页链接
0,53,7月20日湖北广水市强海制鞋厂出大事了 武汉理工大学学生杜春晓因超长度工作12小时中暑身亡 其父在找厂方维权时被当着警察面打死评天理在哪里公道在哪里转,7月20日湖北广水市强海制鞋厂出大事了 武汉理工大学学生杜春晓因超长度工作(12小时)中暑身亡 其父在找厂方维权时被当着警察面打死。评:天理在哪里？公道在哪里？转！@习美黄德荣
0,54,北京的朋友们注意一下强烈呼吁大家关好门窗不确定是否有有害气体北京地区距离塘沽直线150公里现时风速34级时速216KM小时预计7小时吹到北京今天日出523请大家在日出前关好门窗明晨尽量带口罩外出,北京的朋友们注意一下：强烈呼吁：大家关好门窗，不确定是否有有害气体。北京地区距离塘沽直线150公里，现时风速3-4级，时速21.6KM/小时，预计7小时吹到北京，今天日出5:23，请大家在日出前关好门窗，明晨尽量带口罩外出！#天津塘沽大爆炸#@平安天津 #天津爆炸##天津塘沽##天津塘沽大爆炸#
1,54,6大优点集于一身 一定要珍惜你身边的射手座昨儿一大波射手座的筒子们开始陆陆续续庆生了今儿才知道射手座居然有这么多优点呢呐怎么平常看起来疯疯癫癫的ps最后一条射手男对不住了,【6大优点集于一身 一定要珍惜你身边的射手座】昨儿一大波射手座的筒子们开始陆陆续续庆生了，今儿才知道射手座居然有这么多优点呢☟☟☟呐，怎么平常看起来疯疯癫癫的？ps.最后一条，射手男对不住了
0,55,以下内容不知是否正确但防范于未然还是做好食物等生活准备较好NASA警告证实地球将于12月16日起进入连续六天的黑夜宣称他们已经确认地球将在2014年12月16日到12月22日的六天内经历一个完全黑暗的时期,以下内容不知是否正确，但防范于未然还是做好食物等生活准备较好：NASA警告：证实地球将于12月16日起进入连续六天的黑夜！宣称他们已经确认地球将在2014年12月16日到12月22日的六天内，经历一个完全黑暗的时期。
0,55,中美护照对比美国护照中写着不管你身处何方美国政府都是你强大的后盾在中国护照中写着请严格遵守当地的法律并尊重那里的风俗习惯微评美国说出去了有人欺负你招呼一声咱修理他中国说出去了老实点听人家的话好好干少惹麻烦,【中美护照对比】美国护照中写着：“不管你身处何方，美国政府都是你强大的后盾”。在中国护照中写着：“请严格遵守当地的法律，并尊重那里的风俗习惯”。微评：美国说，出去了有人欺负你，招呼一声，咱修理他！中国说，出去了老实点，听人家的话，好好干，少惹麻烦。
1,56,超实用各类空间衣物的整理魔法买买买爽翻了可家里衣柜早就塞满了怎么破 推荐怦然心动的人生整理魔法教会你最节省空间的收纳方法和折叠方法通过整理找回人生决断力这个周末行动起来吧日本作家近藤麻理惠,【超实用！各类空间、衣物的整理魔法！】买买买，爽翻了！可家里衣柜早就塞满了，怎么破？ 推荐“怦然心动的人生整理魔法”，教会你最节省空间的收纳方法和折叠方法！通过整理，找回人生决断力。这个周末，行动起来吧~（日本作家近藤麻理惠）
0,56,原来是真事啊 新闻都报道了4岁成都男孩划伤宝马宝马车主打了小孩儿一耳光奶奶叫来6辆奔驰砸毁宝马 然后爸爸来了把车买下并且砸烂 O网页链接 你地点睇日日猛料关注,原来是真事啊 ？！ 新闻都报道了！！4岁成都男孩划伤宝马，宝马车主打了小孩儿一耳光，奶奶叫来6辆奔驰砸毁宝马！！！ 然后爸爸来了把车买下，并且砸烂！！！ O网页链接 你地点睇？【日日猛料，关注@有嘢 】
0,57,教委紧急通知牛肉不许吃了未接到解除通知之前不许买牛肉 钓鱼乡辉山乳液养牛场的牛生病了牛死了人扒皮感染了炭疽病皮肤溃烂高烧不退有生命危险好几个工人感染现已送沈阳抢救卫生局已下通知,**教委紧急通知**:牛肉不许吃了。未接到解除通知之前不许买牛肉。 钓鱼乡辉山乳液养牛场的牛生病了，牛死了人扒皮感染了炭疽病，皮肤溃烂，高烧不退。有生命危险，好几个工人感染现已送沈阳抢救。卫生局已下通知……
1,57,向氏家庭一家6口4人被埋被埋者为一位老人和3个小孩小孩最大9岁最小4岁今天是周末三人和爷爷在铁皮房家中在外工作的父母闻讯拨打家中电话无人接听赶回家时眼前已成一片黄土O秒拍视频,#深圳突发山体滑坡#【一家6口4人被埋】据@深圳晚报 向氏家庭一家6口4人被埋被埋者为一位老人和3个小孩，小孩最大9岁，最小4岁，今天是周末，三人和爷爷在铁皮房家中。在外工作的父母闻讯拨打家中电话，无人接听，赶回家时眼前已成一片黄土。O秒拍视频
1,58,快讯布拉特和普拉蒂尼被禁足八年据路透社BBC等外媒报道国际足联道德委员会今日决定对国际足联主席布拉特和欧足联主席普拉蒂尼予以禁止足球活动八年的处罚并对两人分别处以罚金,【快讯：布拉特和普拉蒂尼被“禁足”八年】据路透社、BBC等外媒报道，国际足联道德委员会今日决定，对国际足联主席布拉特和欧足联主席普拉蒂尼予以禁止足球活动八年的处罚，并对两人分别处以罚金。@微天下
0,58,我正在看中国需要这样的医生转出去一直转到中央分享给你一起看吧nbspnbsp李芊你是好样的我坚决支持你你是真正具有救死扶伤美德的好医生是具备中华民族优秀品质的好姑娘向你表示崇高的敬意O中国需要这样的医生转出去一直转到中央,我正在看【中国需要这样的医生！转出去，一直转到中央！】，分享给你，一起看吧！&nbsp;&nbsp;李芊，你是好样的，我坚决支持你，你是真正具有救死扶伤美德的好医生，是具备中华民族优秀品质的好姑娘，向你表示崇高的敬意！O中国需要这样的医生！转出去，一直转到中央！
1,59,京港澳高速物流公司货车起火 800万货物燃烧殆尽今天早上8点左右在京港澳高速长葛收费站一辆从深圳开来的货车起火经过紧张扑救目前火已经扑灭车上装的货物是一家物流公司运送的电子设备车主称价值在800万左右O网易图片,【京港澳高速物流公司货车起火 800万货物燃烧殆尽】今天早上8点左右，在京港澳高速长葛收费站，一辆从深圳开来的货车起火。经过紧张扑救，目前火已经扑灭。车上装的货物是一家物流公司运送的电子设备，车主称价值在800万左右。O网易图片
0,59,北京的朋友们注意一下强烈呼吁大家关好门窗不确定是否有有害气体北京地区距离塘沽直线150公里现时风速34级时速216KM小时预计7小时吹到北京今天日出523请大家在日出前关好门窗明晨尽量带口罩外出 2北京广安门,北京的朋友们注意一下：强烈呼吁：大家关好门窗，不确定是否有有害气体。北京地区距离塘沽直线150公里，现时风速3-4级，时速21.6KM/小时，预计7小时吹到北京，今天日出5:23，请大家在日出前关好门窗，明晨尽量带口罩外出！ 2北京·广安门
0,60,我们还能捐钱吗雅安总人口153万三星苹果富士康三家公司总共捐款加起来是1亿6000万平均分给每个人是105万左右现在还在缺物资缺钱各个地方组织各种学校还在捐钱钱去哪了还有加多宝集团的一个亿钱呢,我们还能捐钱吗？雅安总人口153万，三星苹果富士康三家公司总共捐款加起来是1亿6000万，平均分给每个人是105万左右。现在还在缺物资，缺钱，各个地方组织各种学校还在捐钱。钱去哪了?还有加多宝集团的一个亿。钱呢？
0,60,唐山大爆炸到底怎么样了朋友圈河北省唐山市南堡开发区三友集团分公司氯碱有限公司发生严重爆炸爆炸导致现场1088人严重受伤死亡从7人上升到26人伤者已被送到最近的医院省领导已到达现场另外此次爆炸大面积扩散致癌物质 2唐山新华道,唐山大爆炸，到底怎么样了？（朋友圈--河北省唐山市南堡开发区三友集团分公司氯碱有限公司发生严重爆炸，爆炸导致现场1088人严重受伤。死亡从7人上升到26人。伤者已被送到最近的医院.省领导已到达现场……另外此次爆炸大面积扩散致癌物质） 2唐山·新华道
1,60,今日解放军报出现13个集团军番号解放军报出现了13个集团军番号11213163921314254等13个集团军番号2013年4月中国武装力量的多样化运用白皮书曾首度公开了陆军全部18个集团军番号O网页链接,【今日《解放军报》出现13个集团军番号】解放军报出现了13个集团军番号：1、12、13、16、39、21、31、42、54等13个集团军番号，2013年4月《中国武装力量的多样化运用》白皮书曾首度公开了陆军全部18个集团军番号。O网页链接
1,61,他4000万版税全部用做慈善他准备了100口棺材99口留给贪官一口留给自己在天安门城楼上老人已经有些站不稳了还坚持站的笔直一个人的气节不会因为头发白了而改变他曾经说的话永远被人们铭记致敬一代名相朱镕基,他4000万版税全部用做慈善；他准备了100口棺材，99口留给贪官，一口留给自己！在天安门城楼上老人已经有些站不稳了，还坚持站的笔直！一个人的气节，不会因为头发白了而改变！他曾经说的话，永远被人们铭记！致敬一代名相——朱镕基！#转发致敬#
1,61,苹果撒满地今早七点多一辆山西号牌满载30吨苹果的大货车因为拐弯时车速过快侧翻在泉南高速柳州往南宁转下北海方向的匝道上车上的货物撒满一地大货车司机受伤随后被送往医院救治 网友今天是苹果节平安夜心疼,【#满载苹果货车高速侧翻# 苹果撒满地】今早七点多，一辆山西号牌、满载30吨苹果的大货车因为拐弯时车速过快，侧翻在泉南高速柳州往南宁转下北海方向的匝道上，车上的货物撒满一地，大货车司机受伤，随后被送往医院救治。 网友：今天是“苹果节”——平安夜，心疼！@NNTV新闻夜班
0,61,这孩子天天以同样的姿势趴在二连市义乌国际商贸城二楼F区和区的通道里乞讨 本人怀疑是被拐卖的 被喂了药才这样 求扩散 谢谢请爱心人士转发宝贝回家网站看看谁家父母在找麻烦大家转发一下孩子的爸爸妈妈一定很着急,这孩子天天以同样的姿势趴在二连市义乌国际商贸城二楼F区和Ｇ区的通道里乞讨 本人怀疑是被拐卖的 被喂了药才这样 求扩散 谢谢！！！请爱心人士转发（宝贝回家）网站看看谁家父母在找！麻烦大家转发一下，孩子的爸爸妈妈一定很着急，……
0,62,这个可以有请大家5月13号一定别进影院大家一起为贞子票房为零做努力 中国人拍的金陵十三钗在日本小鬼子票房为零小日本拍的贞子3D将于5月12日在中国大陆上映而5月12日既是南京大屠杀纪念日爱国的就转发吧,【这个可以有！】请大家5月13号一定别进影院，大家一起为《贞子》票房为零，做努力！ 中国人拍的《金陵十三钗》在日本小鬼子票房为零。小日本拍的《贞子》3D将于5月12日在中国大陆上映。而5月12日既是南京大屠杀纪念日，爱国的就转发吧!
0,62,Sunny就爱这样宝妈们注意了太恐怖了我以后一定要拔掉看看以后给我插头拔拔掉这个小女孩不幸死于电话充电器就是因为大人平时充完电后没有及时把充电器插头部位拔出小女孩拿起充电器另一头来玩含在嘴里确不幸触电身亡,Sunny就爱这样！宝妈们注意了:太恐怖了，我以后一定要拔掉！看看！以后给我插头拔拔掉！！！！！这个小女孩不幸死于电话充电器，就是因为大人平时充完电后没有及时把充电器插头部位拔出，小女孩拿起充电器另一头来玩含在嘴里，确不幸触电身亡！
1,62,收好史上最全保健操上班久坐盯电脑休息时还手机ipad不离身除了屏幕眼鼠标手办公臀电脑颈沙发腰各种白领病找上门2016年了送你一套超全保健操简单易行想练哪里练哪里转发收藏提醒你身边的坐家们,【收好！史上最全保健操】上班久坐盯电脑，休息时还手机、ipad不离身？除了屏幕眼，鼠标手、办公臀、电脑颈、沙发腰.....各种“白领病”找上门！2016年了，送你一套超全保健操↓↓简单易行、想练哪里练哪里！转发收藏，提醒你身边的“坐家”们！@人民日报
0,63,重庆一妇女辛苦拉址三 个小孩为了给孩子买点肉 吃为交学费去卖山竹 命送城管之手 你不转会脏了你的心 对吗如果有良心痛恨 请转发没良心的就算 了你就会懂的很多 2郑州北环路南阳路公交站,重庆一妇女，辛苦拉址三 个小孩，为了给孩子买点肉 吃，为交学费去卖山竹， 命送城管之手！ 《你不转，会脏了你的心 对吗？如果有良心，痛恨 请转发！没良心的就算 了.你就会懂的很多.....》 2郑州·北环路南阳路公交站
0,63,传深圳房企老板在澳门赌输价值百亿大楼据媒体报道网友爆料称深圳房企京基集团董事长陈华在澳门赌博输掉了估值百亿的深圳地标京基100大厦的控股权现该大厦正办过户手续目前京基方面未对传闻作出回应 O网页链接,【传深圳房企老板在澳门赌输价值百亿大楼】据媒体报道，网友爆料称深圳房企京基集团董事长陈华在澳门赌博输掉了估值百亿的深圳地标——京基100大厦的控股权，现该大厦正办过户手续。目前，京基方面未对传闻作出回应。 O网页链接
1,63,印度东北部发生68级地震 已致1死11伤据美国地质勘探局地震信息网测定印度东北部地震震级为68级我国西藏的林芝山南昌都拉萨等地震感较强烈目前已造成印度曼尼普尔邦因帕尔1死11伤 O网页链接,【印度东北部发生6.8级地震 已致1死11伤】据美国地质勘探局地震信息网测定，印度东北部地震震级为6.8级。我国西藏的林芝、山南、昌都、拉萨等地震感较强烈。目前已造成印度曼尼普尔邦因帕尔1死11伤。 O网页链接
1,63,她在另一个国家找到另一个自己据英国每日邮报报道爱尔兰21岁女子香农罗纳根日前通过Twin Strangers网站在瑞典找到与自己非常相像的幽灵姐妹17岁的萨拉甚至连香农的父亲都难以分辨二人我们几乎有着完全相同的表情这种感觉太怪异了O网页链接,【她在另一个国家找到另一个“自己”】据英国《每日邮报》报道，爱尔兰21岁女子香农·罗纳根日前通过Twin Strangers网站，在瑞典找到与自己非常相像的“幽灵姐妹”——17岁的萨拉。甚至连香农的父亲都难以分辨二人。“我们几乎有着完全相同的表情，这种感觉太怪异了！”O网页链接
0,64,假如本届伦敦奥运会结束时中国代表队还能在金牌榜上排第一现决定参与转发本微博并关注 同时 5个好友的每人送一台iPhone5如果iPhone5没出就改送iPhone4s或三星 I9300 GALAXY SIII电影动漫投资人不差钱绝不食言,假如本届伦敦奥运会结束时，中国代表队还能在金牌榜上排第一，现决定：参与转发本微博并关注@十万个冷笑话集 同时@ 5个好友的每人送一台iPhone5。（如果iPhone5没出就改送iPhone4s或三星 I9300 GALAXY SIII）电影动漫投资人，不差钱，绝不食言。
1,64,无锡电工拍摄绿皮火车8年拿大奖 影展总监无套路的真实深刻 艺术更应该跟社会跟这个世界发生大量的关系如果说你有一个大的世界观的话艺术家首先要放下艺术做策展人做理论家也是这样你不能老把它当回事你只是在技法等方面去突破是没用的O网页链接,【无锡电工拍摄绿皮火车8年拿大奖 影展总监：无套路的真实深刻】@图编宋晓刚 “艺术更应该跟社会、跟这个世界发生大量的关系。如果说你有一个大的世界观的话，艺术家首先要放下艺术（做策展人、做理论家也是这样），你不能老把它当回事，你只是在技法等方面去突破是没用的。”O网页链接
1,64,2015地球小姐日本冠军出炉 遭吐槽美哭了世界四大选美比赛之一的Miss Earth11日在东京举行比赛24岁的新潟女孩山田彩乃脱颖而出成为日本赛区代表连日本网友也忍不住吐槽长太丑了 L2015地球小姐日本冠军出炉 遭吐槽太丑,【2015地球小姐日本冠军出炉 遭吐槽美哭了】世界四大选美比赛之一的“Miss Earth”11日在东京举行比赛，24岁的新潟女孩山田彩乃脱颖而出成为日本赛区代表，连日本网友也忍不住吐槽：“长太丑了”。 L2015地球小姐日本冠军出炉 遭吐槽“太丑”
0,65,朋友帮转 求扩散今天上午我同事的女儿在大润发超市附近被人拐走了小女孩三岁多能准确说出她爸爸的手机号码这是我们同事女儿的照片从监控上看是被一个四十多岁男人抱走了现大人都急疯了有知情者请告之万分感谢转发真事请帮助转发nbspnbsp,朋友帮转！ 求扩散，今天上午我同事的女儿在大润发超市附近被人拐走了，小女孩三岁多，能准确说出她爸爸的手机号码，这是我们同事女儿的照片，从监控上看是被一个四十多岁男人抱走了，现大人都急疯了，有知情者请告之，万分感谢！(转发)，真事请帮助转发&nbsp;&nbsp;。
0,65,这么强盗进入广西凤山辖区盗贼强抢小孩拿去卖肾心眼角等五官方面市民难功难守护小孩悲惨的被这么人盗走现在还有很多的盗贼小孩团伙在广西河池凤山县辖区盗窃很多小孩呢望早日破案让村民过上安宁日子 2东莞虎门镇,这么强盗进入广西凤山辖区盗贼强抢小孩，拿去卖肾.心.眼角等五官方面;市民难功难守护小孩悲惨的被这么人盗走;现在还有很多的盗贼小孩团伙在广西河池凤山县辖区盗窃很多小孩呢。望早日破案让村民过上安宁日子。 2东莞·虎门镇
1,65,黑心网购蚕丝被过半不合格近日国家质检总局公布了对天猫等五电商平台的蚕丝被抽查结果合格率仅481不合格产品问题集中在纤维含量填充物不达标及PH值不合格目前仍有个别在售京东商城当当网一号店表示可退货天猫和亚马逊则表示不确定 O网页链接,【黑心！网购蚕丝被，过半不合格】近日，国家质检总局公布了对天猫等五电商平台的蚕丝被抽查结果，合格率仅48.1%！不合格产品问题集中在纤维含量、填充物不达标及PH值不合格，目前仍有个别在售。京东商城、当当网、一号店表示可退货，天猫和亚马逊则表示不确定。@央视新闻 O网页链接
1,65,2015中国大陆最佳商业城市 广州上海深圳位列前三近日福布斯发布中国大陆最佳商业城市榜单共100个城市入选广州蝉联榜首上海与深圳分列第二第三北京杭州南京宁波无锡青岛成都位居四到十位江苏入选城市最多山东浙江广东紧随其后人民网你的家乡排第几,【2015中国大陆最佳商业城市 广州上海深圳位列前三】近日，福布斯发布中国大陆最佳商业城市榜单，共100个城市入选。广州蝉联榜首，上海与深圳分列第二第三，北京、杭州、南京、宁波、无锡、青岛、成都位居四到十位。江苏入选城市最多，山东、浙江、广东紧随其后。(人民网)你的家乡排第几？
1,66,你看得见的和看不见的印度最近新加坡的一家科技公司Limitless在Facebook上传了一组名为破败的印度Broken India的照片对比极其强烈Instagram框内的印度色彩鲜艳带着人人向往的华丽与异域风情而没被拍进镜头内的黑白全景里则是真实存在的不堪与贫穷O网页链接,【你看得见的，和看不见的印度】最近，新加坡的一家科技公司Limitless在Facebook上传了一组名为“破败的印度”（Broken India）的照片，对比极其强烈：Instagram框内的印度色彩鲜艳，带着人人向往的华丽与异域风情；而没被拍进镜头内的黑白全景里，则是真实存在的不堪与贫穷。O网页链接
0,66,3月20日河南洛阳57岁的妇人孙爱云脱光衣服站在法院的车上喊冤20年前她的弟弟被杀害凶手至今逍遥法外她自己反而因为告状而多次被拘留劳教在一个号称盛世的时代一个普通的公民被逼用撕破自己尊严的方式抗议不公这是我们每一个人的耻辱,3月20日，河南洛阳，57岁的妇人孙爱云脱光衣服站在法院的车上喊冤。20年前她的弟弟被杀害，凶手至今逍遥法外，她自己反而因为告状而多次被拘留劳教。在一个号称盛世的时代，一个普通的公民被逼用撕破自己尊严的方式抗议不公，这是我们每一个人的耻辱。
0,66,朋友们听好了公安部张育铭特别提醒若有人在路上接近你向你推销福建安溪铁观音又让你闻一下你一定注意不要上当那是观音土是种迷昏药一闻即晕作案时轻者劫财劫色重者杀害高价出售器官非常残忍现在已经在广东河北黑龙江天津等省市出现了,朋友们听好了！公安部.张育铭，特别提醒，若有人在路上接近你，向你推销福建安溪铁观音，又让你闻一下，你一定注意不要上.当！那是观音土，是种迷-昏-药，一闻即晕！作.案时，轻者劫.财劫色，重者杀害高价出售器官！非常残忍，现在已经在广东，河北，黑龙江，天津等省市出现了！
1,66,湖北省襄樊市正式更名为襄阳市襄阳位于湖北西北部长江支流汉江中游素有南船北马七省通衢兵家必争之地之称它有着2800多年历史襄阳因地处襄水之阳而得名汉水穿城而过分出南北两岸的襄阳樊城隔江相望,#史上今日#2010年12月9日， 湖北省襄樊市正式更名为襄阳市。襄阳位于湖北西北部，长江支流汉江中游，素有“南船北马、七省通衢”、“兵家必争之地”之称，它有着2800多年历史。襄阳因地处襄水之阳而得名，汉水穿城而过，分出南北两岸的襄阳、樊城，隔江相望。
1,67,男子坐错公交要求停车遭拒 踢碎车门跳下车很多人都有公交怒这位比较严重8日早7点在上海180路公交上一男子因上错车要求司机在行驶中停车开门遭到拒绝后男子破口大骂最后竟踢碎车门玻璃钻出去事后该男子赔偿1000多元修理费,【男子坐错公交要求停车遭拒 踢碎车门跳下车】很多人都有公交怒，这位比较严重：8日早7点，在上海180路公交上，一男子因上错车，要求司机在行驶中停车开门，遭到拒绝后，男子破口大骂，最后竟踢碎车门玻璃钻出去。事后，该男子赔偿1000多元修理费。#你有公交怒吗#→O你有公交怒吗？据澎湃新闻
1,67,又是别人家的公司男同胞每月有一天约会假近日昆明某公司除周末双休外男士每月还有一天带薪约会假可在月内任选一天休息而且约会假不仅是未婚男士连已婚男也能申请名义是回家带娃春城晚报网友别人家的公司羡慕嫉妒恨单身汪受到了一万点伤害,【又是别人家的公司！男同胞每月有一天“约会假”】近日，昆明某公司除周末双休外，男士每月还有一天带薪约会假！可在月内任选一天休息。而且，“约会假”不仅是未婚男士，连已婚男也能申请，名义是“回家带娃”。（春城晚报）网友：别人家的公司，羡慕嫉妒恨！单身汪受到了一万点伤害…
0,67,四川藏区需要4一10岁小孩的衣服和鞋子新旧不限洗干净就可以地址四川省甘孜藏族石渠县西区长沙贡马乡小学 邮编627350 校长达洼15884044467 如果没有合适的衣服可以邮寄的帮忙转一下贴也好也许您的一下简单复制就能给孩子们一个幸福的明天,四川藏区需要4一10岁小孩的衣服和鞋子，新旧不限，洗干净就可以。地址：四川省甘孜藏族石渠县西区长沙贡马乡小学， 邮编：627350 校长：达洼15884044467 如果没有合适的衣服可以邮寄的，帮忙转一下贴也好，也许您的一下简单复制，就能给孩子们一个幸福的明天！
0,67,朋友捡到一个高考准考证谁认识通知下别耽误了高考大事 白娅倩 考点一中 考场013 座号11 准考证号204101311请大家帮忙互相转发别耽误了孩子高考联系电话15935078941 求扩散 请我的圈内好友转发帮帮这湛江的孩子 O网页链接,朋友捡到一个高考准考证，谁认识通知下，别耽误了高考大事。 白娅倩 考点一中 考场013 座号11 准考证号204101311请大家帮忙互相转发，别耽误了孩子高考！联系电话15935078941 。（求扩散） 请我的圈内好友转发，帮帮这湛江的孩子！！！ O网页链接
0,68,朋友在龙岗步行街捡到一个钱包里面有身份证徐俊峰的卡10多张现金1000左右动车票两张徐俊峰徐海腾车票是明天的大家帮忙扩散赠人玫瑰手留余香正能量失主请联系1393070961318233717777好人好事帮忙转下 2深圳横岗街区,朋友在龙岗步行街捡到一个钱包，里面有身份证徐俊峰的，卡10多张，现金1000左右，动车票两张（徐俊峰，徐海腾）车票是明天的。大家帮忙扩散。赠人玫瑰，手留余香。正能量！失主请联系:13930709613，18233717777，好人好事，帮忙转下@深圳小天 @深圳生活圈 @深圳大小事 @深圳公安 2深圳·横岗街区
0,68,天下之大无奇不有新西兰11岁父亲最近火了据说这个11岁的小男孩是去同学家玩被同学的母亲邀请喝啤酒之后跟同学的母亲发生了性关系而且这个11岁的男孩还跟这位36岁的母亲维持了几个月的性关系最后在12岁生日后女人给他生下了一个孩子转女人实用类内容,天下之大无奇不有，新西兰11岁父亲最近火了，据说这个11岁的小男孩是去同学家玩，被同学的母亲邀请喝啤酒，之后跟同学的母亲发生了性关系。而且这个11岁的男孩还跟这位36岁的母亲维持了几个月的性关系，最后在12岁生日后，女人给他生下了一个孩子。（转）女人实用类内容@女人实用百科
1,68,每天坐7小时以上易早亡 去健身房也没用悉尼大学一通过大规模调研在可导致早亡的不良生活习惯过量饮酒不良饮食习惯缺乏运动和吸烟基础上又增加了两项久坐和睡眠时间过长或过短更严峻的是即便久坐后到健身房锻炼也无法抵消损伤网友吓坏宝宝了赶紧起来走两步,【每天坐7小时以上易早亡 去健身房也没用】悉尼大学一通过大规模调研，在可导致早亡的不良生活习惯：过量饮酒、不良饮食习惯、缺乏运动和吸烟基础上又增加了两项——久坐和睡眠时间过长或过短。更严峻的是，即便久坐后到健身房锻炼也无法抵消损伤。网友：吓坏宝宝了，赶紧起来走两步…
1,68,今天发条微博纪念人民的好总理他出身名门却童年苦难他立志为中华崛起而读书艰难推进民主进程他代表新中国走上国际舞台打开外交局面他去世后身后没有子女也没有财产却有十里长街百万群众洒泪送别1976年的今天周恩来逝世音容宛在丰碑永驻怀念,【今天，发条微博，纪念人民的好总理】①他出身名门，却童年苦难；②他立志为中华崛起而读书，艰难推进民主进程；③他代表新中国走上国际舞台，打开外交局面；④他去世后，身后没有子女也没有财产，却有十里长街百万群众洒泪送别。1976年的今天，周恩来逝世。音容宛在，丰碑永驻！怀念！@人民网
0,68,幼儿园都发通知了家长们注意啦现在得白血病的小孩越来越多妇幼保健院提示您请不要给宝宝喝爽歪歪和有添加剂的牛奶饮料告诉家里有小孩的朋友旺仔牛奶可口可乐爽歪歪娃哈哈AD钙奶未来星QQ星美汁源果粒奶优菠萝味的都含有肉毒杆菌现在紧急召回,幼儿园都发通知了家长们注意啦：现在得白血病的小孩越来越多，妇幼保健院提示您，请不要给宝宝喝爽歪歪和有添加剂的牛奶饮料，告诉家里有小孩的朋友，旺仔牛奶、可口可乐、爽歪歪、娃哈哈AD钙奶、未来星、QQ星、美汁源果粒奶优菠萝味的。都含有肉毒杆菌。现在紧急召回。#代购婴幼儿食品#
1,69,医院儿科专开座位 供小学生打吊瓶写作业18日武汉某医院为方便就医儿童学习专门设立了图书角医院称不提倡小孩一边打针一边做作业生病需多休息但由于小孩子课业压力很大很多家长带着小孩晚上来打针询问有没有做作业地方所以设立图书角via楚天都市报,【医院儿科专开座位 供小学生打吊瓶写作业】18日，武汉某医院为方便就医儿童学习，专门设立了“图书角”。医院称，不提倡小孩一边打针一边做作业，生病需多休息。但由于小孩子课业压力很大，很多家长带着小孩晚上来打针，询问有没有做作业地方。所以设立图书角。via楚天都市报
1,69,女孩高铁邂逅帅小伙微博寻人续小伙已婚近日一名女孩在高铁上邂逅一位帅气小伙对其一见钟情并发微博寻人在热心网友的接力下好消息和坏消息同时传来帅小伙找到了但人家已婚目前郭先生已经联系上这名女孩也祝福女孩早日找到自己的幸福感谢她对人民警察的信任和好印象,【女孩高铁邂逅帅小伙微博寻人续：小伙已婚】近日，一名女孩在高铁上邂逅一位帅气小伙，对其一见钟情，并发微博寻人。在热心网友的接力下，好消息和坏消息同时传来，帅小伙找到了！但人家已婚目前郭先生已经联系上这名女孩，也祝福女孩早日找到自己的幸福。“感谢她对人民警察的信任和好印象。”
1,69,女子领养流浪狗 嫌太吵砍断其腿和尾巴13日长春一女子在网上发布虐狗照片并配文不让我睡觉就砍死你照片上狗狗的一条腿和尾巴被砍断另一条腿被砍掉指甲据了解这只狗狗是女子刚从志愿者处领养的目前狗狗已被送医保住性命,【女子领养流浪狗 嫌太吵砍断其腿和尾巴】13日，长春一女子在网上发布虐狗照片，并配文：不让我睡觉，就砍死你。照片上，狗狗的一条腿和尾巴被砍断，另一条腿被砍掉指甲。据了解，这只狗狗是女子刚从志愿者处领养的。目前，狗狗已被送医保住性命。
0,69,广西南宁鸡村強拆奔驰老板跟儿子被活活打死这就是中國我能做的也只有转发让更多的人看到走好你是条汉子城管也有2死几个受伤老爸先在自家楼顶被打死儿子恼火开车撞城管奔驰最终干不过挖掘机儿子也被城管打死了两命换两命 2中山小榄镇,广西南宁鸡村強拆，奔驰老板跟儿子被活活打死，这就是中國，我能做的也只有转发，让更多的人看到，走好，你是条汉子。城管也有2死，几个受伤。老爸先在自家楼顶被打死，儿子恼火开车撞城管！奔驰最终干不过挖掘机，儿子也被城管打死了。两命换两命。。。 2中山·小榄镇
0,69,转载6亿贪污大案江苏省东海县女镇党委书记徐艳因不愿陪县委书记关永健上床竟然被警察毒打致子宫破裂徐艳一怒揭开6亿贪污大案东海县石梁河水库水淹地补偿款案县委书记关永健一个人竟贪污6亿多元O转载6亿贪污大案,转载【6亿贪污大案】江苏省东海县女镇党委书记徐艳，因不愿陪县委书记关永健上床，竟然被警察毒打致子宫破裂。徐艳一怒揭开6亿贪污大案---东海县石梁河水库水淹地补偿款案，县委书记关永健一个人竟贪污6亿多元。。。O[转载]6亿贪污大案
1,70,武汉数名城管围殴商户 负责人执法队员都是临时工 11月28日上午10时许数名满春街城管工作人员整治占道时与商贩发生争执随后动手江汉区满春街城管科相关负责人介绍商户说了难听的话引发冲突当时执法的队员均为临时工楚天都市报O秒拍视频,【武汉数名城管围殴商户 负责人：执法队员都是临时工 】11月28日上午10时许，数名满春街城管工作人员整治占道时，与商贩发生争执，随后动手。江汉区满春街城管科相关负责人介绍，商户说了难听的话，引发冲突。当时执法的队员，均为临时工。（楚天都市报）O秒拍视频
1,70,福建一 回应确实不合适昨日有网友在微博晒出多个短信截图称福建省泉州市文化艺术中心主任对应聘者爆粗口称对方就一X子今日下午泉州市文化艺术中心吴达君主任承认短信系其所发并表示发出那样的短信确实不合适O福建一艺术中心主任对应聘者爆粗口 回应确实不合适,【福建一#艺术中心主任爆粗口# 回应：确实不合适】昨日，有网友在微博晒出多个短信截图，称福建省泉州市文化艺术中心主任对应聘者爆粗口，称对方“就一X子”。今日下午，泉州市文化艺术中心吴达君主任承认短信系其所发，并表示“发出那样的短信确实不合适。”O福建一艺术中心主任对应聘者爆粗口 回应：确实不合适
1,70,安卓用户请自查你的手机可能会被这种新病毒恶意扣费近日一种名为蜥蜴之尾的手机木马病毒感染了近百万部安卓手机它可在用户不知情的情况下恶意定制付费业务拨打付费电话等并泄露用户隐私专家提醒从正规渠道下载App应用安装专业安全软件刷机用户需对手机再次深度扫描,【安卓用户请自查！你的手机可能会被这种新病毒恶意扣费！】近日，一种名为“蜥蜴之尾”的手机木马病毒，感染了近百万部安卓手机。它可在用户不知情的情况下，恶意定制付费业务、拨打付费电话等，并泄露用户隐私。专家提醒:①从正规渠道下载App应用②安装专业安全软件③刷机用户需对手机再次深度扫描
0,70,兰州拉面不能食南京电视台做了一个关于它的作目所有兰州拉面馆都在使用拉面剂其主要成份是蓬灰这种化学物质含有大量的致癌质砷所有兰州拉面都使用这种制剂来使得面粉更有弹性若将蓬灰倒入纸杯会出现氧化把拉面剂溶液倒在光滑的地板上会出现更恐怖的现象,[兰州拉面]不能食！南京电视台做了一个关于它的作目，所有兰州拉面馆都在使用拉面剂，其主要成份是蓬灰，这种化学物质含有大量的致癌质-砷！所有兰州拉面都使用这种制剂来使得面粉更有弹性。若将蓬灰倒入纸杯会出现氧化，把拉面剂溶液倒在光滑的地板上会出现更恐怖的现象。
0,70,消息称前天猫电器城总经理谭某被调查消息人士透露近日前天猫电器城总经理谭某被抓据传是因为之前涉嫌大促补贴政策腐败谭某的微博更新停止在4月29日电商圈内人士已经向Bianews透露谭某被调查的消息属实而阿里巴巴则没有对此明确回应O网页链接,【消息称前天猫电器城总经理谭某被调查】消息人士透露，近日，前天猫电器城总经理谭某被抓，据传是因为之前涉嫌大促补贴政策腐败。谭某的微博更新停止在4月29日。电商圈内人士已经向Bianews透露谭某被调查的消息属实，而阿里巴巴则没有对此明确回应。O网页链接 @电商头条 @电商行业
0,70,妇幼保健院通知 请不要给宝宝喝爽歪歪和有添加剂的牛奶饮料告诉家里有小孩的朋友旺仔牛奶可口可乐爽歪歪娃哈哈AD钙奶未来星QQ星美汁源果粒奶优菠萝味的都含有肉毒杆菌现在紧急召回有孩子的都转下 没有孩子的也请友情转转 O网页链接,妇幼保健院通知 : 请不要给宝宝喝爽歪歪和有添加剂的牛奶饮料，告诉家里有小孩的朋友，旺仔牛奶、可口可乐、爽歪歪、娃哈哈AD钙奶、未来星、QQ星、美汁源果粒奶优菠萝味的。都含有肉毒杆菌。现在紧急召回。有孩子的都转下！！！ 没有孩子的也请友情转转！！ O网页链接
0,70,在中国抗战中举世闻名的上海四行仓库保卫战的八百壮士最后一位幸存者九十高龄的杨根奎没有医疗保障没有退休金05年他尝试着找到金堂县相关部门得到答复是你只有去台湾找国民党给你落实政策老人是为中国而抗日的啊nbspnbsp谢团长你在天之灵保佑下这位军人吧,"在中国抗战中举世闻名的上海“四行仓库保卫战”的八百壮士最后一位幸存者，九十高龄的杨根奎，没有医疗保障，没有退休金。05年，他尝试着找到金堂县相关部门，得到答复是：“你只有去台湾找国民党给你落实政策。”老人是为中国而抗日的啊!&nbsp;&nbsp;谢团长,你在天之灵,保佑下这位军人吧!"
0,71,3200余人被困中广网消息河北保定昨天26日通报暴雨灾情进展全市因灾死亡26人失踪20人重灾区涞源县有3个自然村被夷为平地因交通中断被困的人数更新为5个村3200多人灾区原本20米宽的街道被山洪挟带的石头和泥沙完全覆盖,#热点话题#【河北保定暴雨致26死20失踪 3200余人被困】中广网消息，河北保定昨天(26日)通报暴雨灾情进展，全市因灾死亡26人，失踪20人。重灾区涞源县有3个自然村被夷为平地，因交通中断被困的人数更新为5个村3200多人。灾区原本20米宽的街道，被山洪挟带的石头和泥沙完全覆盖。
1,71,女大学生告教育部不履行信息公开职责秋白发现心理学教材中对同性恋的表述都概括为性变态精神疾病而在2001年同性恋就从精神疾病中剔除今年3月秋白就高校教材存在歧视同性恋表述向广东省教育厅相关出版社投诉教育部没有任何回应秋白最后将教育部告上法庭O秋白打官司,【女大学生告教育部不履行信息公开职责】秋白发现心理学教材中对同性恋的表述都概括为“性变态”“精神疾病”。而在2001年同性恋就从精神疾病中剔除。今年3月，秋白就高校教材存在歧视同性恋表述向广东省教育厅、相关出版社投诉，教育部没有任何回应。秋白最后将教育部告上法庭。O秋白打官司
1,71,男子醉驾开120码发朋友圈炫技 最后坠桥身亡一路120码杀回去喝酒就给你们听油门声这两句颇有点炫技意味的话来自台州一男子前夜发出的朋友圈然而没多久因其醉驾发生事故连车带人坠入河中小伙和车上另一男子均不幸身亡浙江在线O网页链接,【男子醉驾开120码发朋友圈炫技 最后坠桥身亡】“一路120码杀回去喝酒”“就给你们听油门声”…这两句颇有点炫技意味的话来自台州一男子前夜发出的朋友圈，然而没多久，因其醉驾发生事故，连车带人坠入河中，小伙和车上另一男子均不幸身亡。浙江在线O网页链接 #醉驾飙120码炫技身亡#
0,71,在工信部运营商双重压力下小马哥最终没能顶住微信收费将于7月1日开始收费标准信息5分条语音1毛条按这样的标准有多少人会放弃微信其实中国人的微信使用已经包含了流量费如果微信收费那么微博没理由不收费大家转起来让那些眼馋着不该眼馋的人士无地自容,#微信收费标准# 在工信部，运营商双重压力下，小马哥最终没能顶住，微信收费将于7月1日开始，收费标准信息5分/条，语音1毛/条，按这样的标准有多少人会放弃微信？其实中国人的微信使用已经包含了流量费，如果微信收费那么微博没理由不收费。大家转起来，让那些眼馋着不该眼馋的人士无地自容
1,72,消防员穿火层救19人 将头盔让给婴儿17日江西龙虎山镇某楼失火19名住户被困消防战士穿越火层救人消防员李华彪不顾自身安危将消防头盔让给婴儿后因空气呼吸器压力不足休克清醒后又去救人最终被困群众全被救出无一伤亡O网页链接,#图看天下# 【消防员穿火层救19人 将头盔让给婴儿】17日，江西龙虎山镇某楼失火，19名住户被困，消防战士穿越火层救人。消防员李华彪不顾自身安危，将消防头盔让给婴儿，后因空气呼吸器压力不足休克，清醒后又去救人。最终被困群众全被救出，无一伤亡。O网页链接
0,72,紧急通知妇幼保健院通知现在得白血病的小孩越来越多妇幼保健院提示您请不要给孩子喝爽歪歪和有添加剂的牛奶饮料告诉家里有小孩的朋友旺仔牛奶可口可乐爽歪歪娃哈哈AD钙奶未来星QQ星美汁源果粒奶优菠萝味的都含有肉毒杆菌现在紧急召回大家行动起来传递一份我们的爱心,紧急通知：妇幼保健院通知现在得白血病的小孩越来越多。妇幼保健院提示您请不要给孩子喝爽歪歪和有添加剂的牛奶饮料，告诉家里有小孩的朋友，旺仔牛奶、可口可乐、爽歪歪、娃哈哈AD钙奶、未来星、QQ星、美汁源果粒奶优菠萝味的，都含有肉毒杆菌。现在紧急召回大家行动起来传递一份我们的爱心。”
1,72,你为啥要如此狠心把爸爸妈妈都丢给我一个人照顾我们不要你有好大作为我们只想你平安啊只想你回来你回来你回来好残忍让爸妈白发人送黑发人你能安心吗你十八岁都还没满的你去年送你走的时候是如此阳光时间还没有一年你这样对吗 2天津鸿泰千佰汇商圈,你为啥要如此狠心，把爸爸妈妈都丢给我一个人照顾，我们不要你有好大作为，我们只想你平安啊，只想你回来，你回来，你回来…好残忍，让爸妈白发人送黑发人，你能安心吗你？…十八岁都还没满的你，去年送你走的时候，是如此阳光，时间还没有一年，你这样对吗？ 2天津·鸿泰千佰汇（商圈）
1,72,因为爱情八旬老人照顾瘫痪老伴56年新婚5个月20岁的妻子患病瘫痪在床失去生育能力别人劝他离婚别耽误自己他却对妻子说你放心我会一辈子疼你如今山东临沂84岁的杜元法已照顾妻子周玉爱56年不离不弃相濡以沫为两位老人的伟大爱情转发O网页链接央视,【因为爱情！八旬老人照顾瘫痪老伴56年】新婚5个月，20岁的妻子患病瘫痪在床，失去生育能力。别人劝他离婚，别耽误自己，他却对妻子说：“你放心，我会一辈子疼你。”如今，山东临沂84岁的杜元法已照顾妻子周玉爱56年。不离不弃，相濡以沫！为两位老人的伟大爱情转发O网页链接央视
0,72,急找孩子实验小学寻人3775515317帮忙扩散今天上午一个三岁多小女孩在锦绣花园小区附近被人拐走了小女孩能说出她爸爸的手机号码 从监控上看是被一个四十多岁男人抱走了现大人都急疯了 联系人 何建任13775515317看到就转转吧 我们都会有孩子 谢谢你劉老师,@何炅 急找孩子实验小学寻人3775515317帮忙扩散，今天上午一个三岁多小女孩在锦绣花园小区附近被人拐走了，小女孩能说出她爸爸的手机号码 从监控上看是被一个四十多岁男人抱走了现大人都急疯了 联系人 何建任13775515317看到就转转吧 我们都会有孩子 谢谢你劉老师
0,72,中央电视台焦点访谈已经播出 可口可乐承认旗下果粒橙含有美国禁用农药多菌灵多菌灵可致脑麻痺肝脏腫瘤等癌症包括香港正在销售的果粒橙香港食环署正在了解此事件 专家指出多菌灵跟其他农药一样对脑部影响最大可引致局部麻痹并会导致癌症,中央电视台《焦点访谈》已经播出， 可口可乐承认旗下(果粒橙)含有美国禁用农药「多菌灵」，多菌灵可致脑麻痺、肝脏腫瘤等癌症。包括香港正在销售的（果粒橙），香港食环署正在了解此事件。 专家指出，（多菌灵）跟其他农药一样，对脑部影响最大，可引致局部麻痹，并会导致癌症。
0,72,昨天邵逸夫先生出殡了 一个外国人乔布斯去世的时候我们中国人铺天卷地的刷屏而邵逸夫去世了却没有看见有人悼念我们有千百个学校的教学楼叫做逸夫教学楼多少医院有逸夫门诊楼这位老人一生捐赠了数以千百亿计的医疗设施和教育设施伟大的逸夫老先生一路走好我转了,昨天邵逸夫先生出殡了... 一个外国人乔布斯去世的时候，我们中国人铺天卷地的刷屏，而邵逸夫去世了，却没有看见有人悼念，我们有千百个学校的教学楼叫做“逸夫教学楼”，多少医院有“逸夫门诊楼＂，这位老人一生捐赠了数以千百亿计的医疗设施和教育设施，伟大的逸夫老先生，一路走好！我转了!
0,72,新浪微博抽风爆料据网友爆料今日新浪微博短时间抽风是由于新浪微博管理员徐某使用服务器带宽下载XB爱情片42G造成新浪微博无法访问出现严重事故现徐某已经被停职所下载影片的硬盘已经被没收有网友调侃45分钟下载42G果然是大公司更有网友称没有微博就没有生活有这么严重吗,【新浪微博抽风爆料】据网友爆料：今日新浪微博短时间抽风，是由于新浪微博管理员徐某，使用服务器带宽下载XB爱情片42G，造成新浪微博无法访问，出现严重事故。现徐某已经被停职，所下载影片的硬盘已经被没收，有网友调侃，45分钟下载42G果然是大公司，更有网友称，没有微博就没有生活，有这么严重吗？
0,73,天津大爆炸一公里寸草不生躺着的是一个个尸体犹如行尸走肉救援的消防兵四个中队全员牺牲他们何曾没想过会与家人天各一方他们何曾没能体会到烈火灼身的痛苦甚至连尸骨都没保全而报道上却说牺牲了四十多人你们摸摸良心英雄们用自己生命换来了什么愿一切安好,#天津塘沽大爆炸# 天津大爆炸，一公里寸草不生，躺着的是一个个尸体！犹如行尸走肉。救援的消防兵，四个中队全员牺牲。他们，何曾没想过会与家人天各一方，他们何曾没能体会到烈火灼身的痛苦，甚至连尸骨都没保全，而报道上却说牺牲了四十多人！你们摸摸良心，英雄们用自己生命换来了什么？愿一切安好
0,73,谨防宝宝被拐身边真实的事情惊出我一身冷汗天津阿姨家邻居带着3岁的儿子去超市付账的片刻发现孩子不见了立即找保安求助保安很给力马上对讲机通知关闭所有入口进行排查最后找到了小孩头发被剃了衣服被换了人贩子团伙太恐怖了家长带小孩外出一定要非常谨慎一定,【谨防宝宝被拐】身边真实的事情，惊出我一身冷汗。天津阿姨家邻居带着3岁的儿子去超市，付账的片刻发现孩子不见了，立即找保安求助。保安很给力，马上对讲机通知关闭所有入口进行排查。最后找到了小孩，头发被剃了，衣服被换了。人贩子团伙太恐怖了，家长带小孩外出一定要非常谨慎。一定！！！
1,73,中澳总理一致同意尽快生效中澳自贸协定21日李克强在吉隆坡与澳大利亚总理特恩布尔举行中澳总理年度定期会晤两国总理一致同意尽快生效中澳自贸协定李克强指出两国应结合各自优势共同在能源资源基础设施装备制造海洋等领域开展产能合作探讨开拓第三方市场合作培育新领域合作亮点,"【中澳总理一致同意尽快生效中澳自贸协定】21日，李克强在吉隆坡与澳大利亚总理特恩布尔举行中澳总理年度定期会晤。两国总理一致同意尽快生效中澳自贸协定。李克强指出,两国应结合各自优势,共同在能源资源、基础设施、装备制造、海洋等领域开展产能合作，探讨开拓第三方市场合作,培育新领域合作亮点。"
1,73,此刻你愿为他们转发吗62岁环卫工扫落叶一旁大妈觉得受影响竟夺过扫帚棍殴打环卫工一女子边吃水果边扔皮环卫工劝阻女子竟说你就扫地的嘛不然要你干吗环卫工人说我们也是人为什么不能尊重我们此刻请一起呼吁不乱扔垃圾保障环卫工权益尊重劳动者支持的转,【此刻，你愿为他们转发吗？】62岁环卫工扫落叶，一旁大妈觉得受影响，竟夺过扫帚棍殴打环卫工；一女子边吃水果边扔皮，环卫工劝阻，女子竟说“你就扫地的嘛，不然要你干吗……”环卫工人说，我们也是人，为什么不能尊重我们此刻，请一起呼吁，不乱扔垃圾，保障环卫工权益，尊重劳动者！支持的转！
1,73,男子找刺激从观光车跳下虎山 老虎被吓得乱窜19日河南洛阳一中年男子在公园坐索道观光车游览虎山时突然跳下落在虎山上方的防护网上游客们惊出一身汗老虎也被吓得四处乱窜男子获救后称想找找刺激就是跳下去时后空翻没做好,【男子找刺激从观光车跳下虎山 老虎被吓得乱窜】19日河南洛阳一中年男子在公园坐索道观光车游览虎山时，突然跳下落在虎山上方的防护网上，游客们惊出一身汗，老虎也被吓得四处乱窜。男子获救后称：“想找找刺激，就是跳下去时后空翻没做好……”#找刺激跳虎山吓坏老虎#老虎心里想___?据京华时报
1,73,吃鱼胆能明目十岁男孩偏方治病险丢命听信偏方吃鱼胆可以明目湖北咸宁胡女士买两条草鱼挖鱼胆给眼睛不好的10岁儿子吃没想到孩子鱼胆中毒肝肾功能衰竭差点丢掉性命医生介绍很多鱼胆都有毒食用后会造成肝肾功能巨大损伤切不可尝试 via央视新闻,【吃鱼胆能明目？十岁男孩偏方治病险丢命】听信偏方“吃鱼胆可以明目”，湖北咸宁胡女士买两条草鱼，挖鱼胆给眼睛不好的10岁儿子吃。没想到，孩子鱼胆中毒，肝肾功能衰竭，差点丢掉性命。医生介绍，很多鱼胆都有毒，食用后会造成肝、肾功能巨大损伤，切不可尝试。 via央视新闻
0,73,昨天在青岛17点35分调频931发布青岛第一起埃博拉此疾病基本死亡率90流入中国时间比专家预估时间早十天大家务必提醒家人随时肥皂洗手不吃街边摊和露天食物买回家的成品食物务必煮开食用防范在先切记此次埃博拉极可能发展为比SARS更可怕的瘟疫大家要增强自身的免疫力,昨天在青岛17点35分调频93.1发布青岛第一起埃博拉，此疾病基本死亡率90%。流入中国时间比专家预估时间早十天。大家务必提醒家人随时肥皂洗手，不吃街边摊和露天食物，买回家的成品食物务必煮开食用，防范在先！切记！！此次埃博拉极可能发展为比SARS更可怕的瘟疫。大家要增强自身的免疫力！！！
0,73,摸奶节每年阴历的7月141516这三天云南哀牢山区双柏县鄂家镇的鬼节除了一样要烧纸祭奠鬼外还有自己的独特处摸奶节在这三天中无论远近来到集镇上的男男女女只要你出现愿意不愿意都要被卷进摸奶节中男人高兴地摸女人愉快地接受摸,【摸奶节】每年阴历的7月14、15、16这三天，云南哀牢山区双柏县鄂家镇的“鬼节”除了一样要烧纸祭奠“鬼”外，还有自己的独特处――“摸奶节”。在这三天中，无论远近来到集镇上的男男女女，只要你出现，愿意不愿意都要被卷进“摸奶节”中，男人高兴地摸，女人愉快地接受摸。
0,74,妇幼保健院夏主任提示您请不要给宝宝喝爽歪歪和有添加剂的牛奶饮料告诉家里有小孩的朋友旺仔牛奶可口可乐爽歪歪娃哈哈AD钙奶多美滋雅培美汁源果粒奶优菠萝味的都含有肉毒杆菌现在紧急召回有孩子的都转下没孩的也转一下 2西金环路,妇幼保健院夏主任提示您，请不要给宝宝喝爽歪歪和有添加剂的牛奶饮料，告诉家里有小孩的朋友，旺仔牛奶、可口可乐、爽歪歪、娃哈哈AD钙奶、多美滋、雅培、美汁源果粒奶优菠萝味的。都含有肉毒杆菌。现在紧急召回。有孩子的都转下。没孩的也转一下 2西金环路
0,74,寻人启事联系人汪永超 15009210659有线索酬金100万 帮忙扩散今天上午一个2多岁小男孩在浙江嘉兴阳光小区附近被人拐走了小男孩能说出他的名字王鹤从监控上看是被一个四十多岁男人抱走了现大人都急疯了 有知情者请告之 万分感谢 看到信息的兄弟姐妹留意一下,寻人启事联系人汪永超 15009210659。有线索酬金100万 帮忙扩散，今天上午一个2多岁小男孩在浙江嘉兴阳光小区附近被人拐走了，小男孩能说出他的名字……王鹤从监控上看是被一个四十多岁男人抱走了现大人都急疯了 有知情者请告之 万分感谢 看到信息的兄弟姐妹留意一下
0,74,转一张悲情至极照片这绝对是能获得普利策大奖照片虽然这位中年女性裸露着上身但不色情她让我想起自己的母亲这是正在拉船的女纤夫和男人一样光着上身还穿着草鞋说明她们贫困无奈到了何种地步作者无意去技术处理掉干瘪身体下的乳房那是对大地母亲的悲情倾诉nbspnbsp,【转：一张悲情至极照片】这绝对是能获得普利策大奖照片。虽然这位中年女性裸露着上身，但不色情，她让我想起自己的母亲。这是正在拉船的女纤夫，和男人一样光着上身，还穿着草鞋，说明她们贫困无奈到了何种地步！作者无意去技术处理掉干瘪身体下的乳房，那是对大地母亲的悲情倾诉！&nbsp;&nbsp;
1,74,成都一小区门卫酷似马云走红 笑称比马云好看58岁的小区门卫柯全寿因为长相酷似马云成了红人虽然柯全寿自认为和马云不怎么像很多人都认为很像最近不断有市民因过来看他要求合影一位小区居民每次经过门卫室都要喊一声马哥成都商报O网页链接,【成都一小区门卫酷似马云走红 笑称比马云好看】58岁的小区门卫柯全寿因为长相酷似马云，成了红人。虽然柯全寿自认为和马云不怎么像，很多人都认为“很像”。最近，不断有市民因过来看他，要求合影。一位小区居民每次经过门卫室，都要喊一声“马哥”。（成都商报）O网页链接
1,74,男子扮韩国明星骗了一商场人 女粉丝尖叫欧巴求合影整个恶作剧就俩步骤第一步假扮成韩国明星第二步走在假扮成韩国明星这个环节小伙子还雇了6个人分别假扮成女友助理保镖摄像粉丝们则纷纷表示喜欢恶作剧男子电影都喜欢给欧巴带好O网页链接观察者网,【男子扮韩国明星骗了一商场人 女粉丝尖叫欧巴求合影】整个恶作剧就俩步骤，第一步：假扮成韩国明星，第二步：走。在假扮成韩国明星这个环节，小伙子还雇了6个人分别假扮成女友、助理、保镖、摄像。粉丝们则纷纷表示喜欢恶作剧男子电影，“都喜欢！”“给欧巴带好！”O网页链接（观察者网）
0,74,原来是真的幼儿园都发通知了家长们注意啦现在得白血病的小孩越来越多妇幼保健院提示您请不要给宝宝喝爽歪歪和有添加剂的牛奶饮料告诉家里有小孩的朋友旺仔牛奶可口可乐爽歪歪娃哈哈AD钙奶 未来星都含有肉毒杆菌现在紧急召回有孩子的都转下nbspnbspnbsp没有孩子的也请友情转转,原来是真的，幼儿园都发通知了，家长们注意啦：现在得白血病的小孩越来越多，妇幼保健院提示您，请不要给宝宝喝爽歪歪和有添加剂的牛奶饮料，告诉家里有小孩的朋友，旺仔牛奶、可口可乐、爽歪歪、娃哈哈AD钙奶 未来星都含有肉毒杆菌。现在紧急召回。有孩子的都转下！！！&nbsp;&nbsp;&nbsp;没有孩子的也请友情转转！！
0,75,广西女子为赢iPhone6 与人打赌街头裸奔广西龙州县深夜现一名年轻女子全身赤裸三点尽露在马路裸奔据网民称女子之所以裸奔是因为在quot朋友圈quot跟友人打赌如果脱光赤条条绕城一圈便送她一部苹果iPhone6结果该名女子真的褪去身上所有衣服尽情裸奔,【广西女子为赢iPhone6 与人打赌街头裸奔】广西龙州县深夜现一名年轻女子，全身赤裸三点尽露在马路裸奔。据网民称，女子之所以裸奔，是因为在&quot;朋友圈&quot;跟友人打赌，如果脱光赤条条绕城一圈，便送她一部苹果iPhone6，结果该名女子真的褪去身上所有衣服，尽情裸奔。
0,75,APEC会议在海参崴举行此间爆出根据中苏条约约定1996年中国可以收回海参崴但国民对此一无所知十年前本人曾到此参观发现其港口条件在我沿海几乎无一可比这里每天都要发射火炮潜艇公开展示自由之火常燃名曰纪念二战实际上是俄罗斯对武力的崇拜我们这个惧战的国家从此永失国土,APEC会议在海参崴举行，此间爆出根据中苏条约约定，1996年中国可以收回海参崴，但国民对此一无所知。十年前本人曾到此参观，发现其港口条件在我沿海几乎无一可比！这里每天都要发射火炮，潜艇公开展示，自由之火常燃，名曰纪念二战，实际上是俄罗斯对武力的崇拜。我们这个惧战的国家，从此永失国土！
1,75,此刻一起转发为恒大加油共同见证历史今天下午3点世俱杯季军争夺战广州恒大对阵广岛三箭赛前郑智说输给巴萨全队斗志并未受影响今天将全力争胜把胜利送给受伤的队友邹正两年前恒大曾获得世俱杯第四名今天他们能否冲击第三创造历史转发为中国球队加油央视,【此刻，一起转发，为恒大加油！共同见证历史！】今天下午3点，世俱杯季军争夺战，广州恒大对阵广岛三箭。赛前郑智说，输给巴萨全队斗志并未受影响，今天将全力争胜，把胜利送给受伤的队友邹正。两年前，恒大曾获得世俱杯第四名。今天，他们能否冲击第三创造历史？转发，为中国球队加油！（央视）
1,75,你丢飞机了没 吉隆坡国际机场3架波音747无人认领马来西亚媒体报道吉隆坡国际机场出现三架找不到主人的波音747200F型飞机马来西亚机场公司不得不登报寻找机主要求其14天内领回飞机并缴清机场费用否则将通过售卖或拆除的方式抵销拖欠的费用O网页链接 央视新闻,【你丢飞机了没？ 吉隆坡国际机场3架波音747无人认领】马来西亚媒体报道，吉隆坡国际机场出现三架“找不到主人”的波音747-200F型飞机，马来西亚机场公司不得不登报寻找机主，要求其14天内领回飞机并缴清机场费用，否则将通过售卖或拆除的方式抵销拖欠的费用。O网页链接 央视新闻
1,75,婚检女友查出疑似艾滋被隐瞒 小伙婚后被感染去年三月河南男子小新和女友前往永城市妇幼保健院婚检时医生查出其女友小叶疑似感染艾滋病毒但单独叫住了小叶小新得到医生的答复是一切正常婚后小新感染艾滋随后将医院和疾控中心告上法庭O婚检时女友艾滋被瞒小伙感染,【婚检女友查出疑似艾滋被隐瞒 小伙婚后被感染】去年三月，河南男子小新和女友前往永城市妇幼保健院婚检时，医生查出其女友小叶疑似感染艾滋病毒，但单独叫住了小叶。小新得到医生的答复是，一切正常。婚后小新感染艾滋，随后将医院和疾控中心告上法庭。O婚检时女友艾滋被瞒.小伙感染
0,75,今天邵逸夫先生出殡了乔布斯去世的时候我们中国人铺天卷地的刷屏而邵逸夫去世了却没有看见有人悼念我们有千百个学校的教学楼叫做逸夫教学楼多少医院有逸夫门诊楼这位老人一生捐赠了数以千百亿计的医疗设施和教育设施对国人来说他真的比乔布斯伟大多逸夫老先生一路走好,今天邵逸夫先生出殡了，乔布斯去世的时候，我们中国人铺天卷地的刷屏，而邵逸夫去世了，却没有看见有人悼念，我们有千百个学校的教学楼叫做“逸夫教学楼”，多少医院有“逸夫门诊楼＂，这位老人一生捐赠了数以千百亿计的医疗设施和教育设施，对国人来说，他真的比乔布斯伟大多，逸夫老先生，一路走好！
1,76,四五岁男孩开车上路边与父亲交谈网传视频一位四五岁的小孩熟练地手掌方向盘驾车穿行于车流之中其身后则坐着他的父亲有网友惊叹小车神但更多的网友表示这不仅是对自己的生命开玩笑对他人也极不负责根据交通法规教唆小朋友开车的大人最高处以15日拘留O四五岁男孩开车上路 父亲指导,【四五岁男孩开车上路边与父亲交谈】网传视频，一位四五岁的小孩熟练地手掌方向盘，驾车穿行于车流之中，其身后则坐着他的父亲。有网友惊叹“小车神”，但更多的网友表示：这不仅是对自己的生命开玩笑，对他人也极不负责。根据交通法规，教唆小朋友开车的大人，最高处以15日拘留。O四五岁男孩开车上路 父亲指导
1,76,被拐23年他终和母亲团聚29岁的小吴6岁时被从沈阳拐卖到福建他一直想念亲生母亲但只有模糊记忆寻亲难度很大沈阳当地民警没放弃经大量比对排查找到一位疑似的石女士后经亲子鉴定证实两人确为母子近日这对分离23年的母子团聚为民警们点愿天下无拐O网页链接,【被拐23年，他终和母亲团聚】29岁的小吴6岁时被从沈阳拐卖到福建，他一直想念亲生母亲，但只有模糊记忆，寻亲难度很大。沈阳当地民警没放弃，经大量比对排查找到一位疑似的石女士。后经亲子鉴定证实两人确为母子！近日这对分离23年的母子团聚！为民警们点，愿天下无拐！O网页链接
1,76,海归博士后饶毅反智的教育会产生愤青在饶毅看来国内中文教育本质是反智的只需死记硬背不需动脑筋在这种教育下丧失了独立思考的中国人更多的只会表达情绪而不去思考和辩证相对美国百姓更容易出现键盘侠愤青和没有逻辑的谩骂Via L海归博士后饶毅反智的教育在制造愤青,【海归博士后饶毅：反智的教育会产生愤青】在饶毅看来，国内中文教育本质是反智的，“只需死记硬背，不需动脑筋。”在这种教育下，丧失了独立思考的中国人，更多的只会表达情绪，而不去思考和辩证。相对美国百姓，更容易出现键盘侠、愤青、和没有逻辑的谩骂。Via.@新浪资讯台 L海归博士后饶毅：反智的教育在制造愤青
0,76,广西南宁鸡村強拆奔驰老板跟儿子被活活打死他的死让我明白了这就是中國我能做的也只有转发让更多的人看到走好你是条汉子城管也有2死几个受伤老爸先在自家楼顶被打死后儿子开车撞上几个城管后开车的是儿子也被打死了两命换两命现在连家人还被派出所关着呢 2昆明呈贡区,广西南宁鸡村強拆，奔驰老板跟儿子被活活打死，他的死让我明白了这就是中國，我能做的也只有转发，让更多的人看到，走好，你是条汉子。城管也有2死，几个受伤。老爸先在自家楼顶被打死后儿子开车撞上几个城管后开车的是儿子也被打死了。两命换两命。现在连家人还被派出所关着呢。 2昆明·呈贡区
0,76,香港方面称充气大黄鸭在港不幸爆掉乃大陆沈阳某旅行团的胡某扔烟头所致此旅行团13日晚搭乘豪华客轮莫利亚第号经过大黄鸭旁胡某向其投掷了30个点燃的烟头并向周围游客表示不信弄不死你昨晚大黄鸭倒下后经导游指认港警已将其收监,香港方面称，充气大黄鸭在港不幸爆掉，乃大陆沈阳某旅行团的胡某扔烟头所致。此旅行团13日晚搭乘豪华客轮「莫利亚第」号经过大黄鸭旁，胡某向其投掷了30个点燃的烟头并向周围游客表示“不信弄不死你”，昨晚大黄鸭倒下后经导游指认港警已将其收监。
0,76,沈阳中街今日发生枪战十多名新疆暴徒乱砍乱杀特警赶到后于新疆人持枪对战牺牲三名特警伤及数名路人以后尽量少外出尤其是人员密集场所新疆人太特么牲口发怒发怒发怒nbspnbsp以后尽量少出门去人口密集的地方太不安全了 说是沈阳中街大家要预防,沈阳中街今日发生枪战，十多名新疆暴徒乱砍乱杀，特警赶到后于新疆人持枪对战，牺牲三名特警，伤及数名路人，以后尽量少外出，尤其是人员密集场所，新疆人太特么牲口[发怒][发怒][发怒]，，，，&nbsp;&nbsp;以后尽量少出门去人口密集的地方太不安全了 说是沈阳中街，大家要预防
1,76,男子自称quot项羽后人quot密谋暴动自称项羽后人成立影子兵团幻想当上总统掌管天下伺机在公共场所制造爆炸这样荒诞可怖的情节却在现实生活中真实上演近日广州警方经过缜密侦查摧毁了一个密谋通过绑架富人筹款伺机制造爆炸事件引发社会混乱的团伙O男子自称quot项羽后人quot密谋暴动,【男子自称&quot;项羽后人&quot;密谋暴动】自称“项羽后人”，成立“影子兵团”，幻想当上“总统”“掌管天下”，伺机在公共场所制造爆炸…这样荒诞可怖的情节，却在现实生活中真实上演。近日，广州警方经过缜密侦查，摧毁了一个密谋通过绑架富人筹款、伺机制造爆炸事件引发社会混乱的团伙：O男子自称&quot;项羽后人&quot;密谋暴动
1,77,恐怖分子使用了廉价爆炸物撒旦之母 巴黎检查官莫兰刚刚在记者会上说恐怖分子使用的自杀式炸弹所用材料为三过氧化三丙酮TATP这种爆炸物也被称为撒旦之母其材料容易获得制造成本也很低且一般的检查手段难以发现 直播O巴黎警方抓捕袭击案嫌犯 双方发生激烈枪战,【恐怖分子使用了廉价爆炸物“撒旦之母” 】巴黎检查官莫兰刚刚在记者会上说，恐怖分子使用的自杀式炸弹所用材料为三过氧化三丙酮（TATP），这种爆炸物也被称为“撒旦之母”，其材料容易获得，制造成本也很低，且一般的检查手段难以发现。#巴黎多起枪击爆炸案# 直播O巴黎警方抓捕袭击案嫌犯 双方发生激烈枪战
1,77,亮瞎南昌西汉古墓出土的金器真的是金灿灿的17日南昌西汉海昏侯墓主椁室考古发掘中墓主椁室西侧发现了数量惊人的金器堆包括数十枚马蹄金两盒金饼等据专家这是目前在国内西汉墓葬考古中保存最完整数量最集中的一次发现擦净打上灯光后亮瞎,【亮瞎！南昌西汉古墓出土的金器真的是金灿灿的！】17日，南昌西汉海昏侯墓主椁室考古发掘中，墓主椁室西侧发现了数量惊人的金器堆，包括数十枚马蹄金、两盒金饼等。据专家，这是目前在国内西汉墓葬考古中保存最完整、数量最集中的一次发现。擦净，打上灯光后，亮瞎！！
0,77,深圳城管直接开车碾压收报纸老人这次摄像头没失灵深圳再一次走在了全国前面城管抢走了收废报纸老人秤老人向城管索要坐在车前不起城管的汽车直接从老人身上活活碾压过去老人目前生命垂危向有良知的深圳电视台致敬求大家扩散人肉这帮人渣L新闻报道 城管取缔老太摊位却用碾压老太致死流畅,【深圳城管直接开车碾压收报纸老人】这次摄像头没失灵，深圳再一次走在了全国前面：城管抢走了收废报纸老人秤，老人向城管索要，坐在车前不起，城管的汽车直接从老人身上活活碾压过去，老人目前生命垂危。向有良知的深圳电视台致敬，求大家扩散人肉这帮人渣！L《新闻报道》 城管取缔老太摊位，却用碾压老太致死（流畅）
0,77,中国需要这样的医生比起那些没钱就给停药的quot救死扶伤quot医院比起那些不给红包就刁难患者的quot天使quot她是真正quot救死扶伤quot的最美医生然而最美医生却在经受着法律带来的委屈李芊医生路遇孕妇助其生产但事后却以非法行医被告上法庭难道在医院之外医生就不是医生了O网页链接,【中国需要这样的医生】比起那些没钱就给停药的&quot;救死扶伤&quot;医院，比起那些不给红包就刁难患者的&quot;天使&quot;，她是真正&quot;救死扶伤&quot;的最美医生！然而，最美医生却在经受着法律带来的委屈，李芊医生路遇孕妇助其生产，但事后却以“非法行医”被告上法庭，难道在医院之外医生就不是医生了？O网页链接
0,77,寻人启事吴梦月女3岁失踪日期2014年12月09日下午2点左右失踪地点房山区花冠天地门口如有知情者请提供线索帮助找到孩子愿意把价值50万房子卖掉给予酬金跪求天下所有的好心人帮忙转发扩散举手之劳愿所有好心人一生平安知情联系电话15885896808 转发急急急,寻人启事：吴梦月，女，3岁：失踪日期：2014年12月09日下午2点左右，失踪地点：房山区花冠天地门口。如有知情者请提供线索，帮助找到孩子。愿意把价值50万房子卖掉给予酬金：跪求天下所有的好心人帮忙转发扩散。举手之劳。愿所有好心人一生平安。知情联系电话.15885896808 。转发急急急！！！
0,77,四川藏区需要4一10岁小孩的衣服和鞋子新旧不限洗干净就可以地址四川省甘孜藏族石渠县西区长沙贡马乡小学 邮编627350 校长达洼15884044467 如果有合适的衣服可以邮寄帮忙转一下贴也好也许您的一下简单复制就能给孩子们一个幸福的明天天气冷给孩子们添加些棉衣希望得到帮助,四川藏区需要4一10岁小孩的衣服和鞋子，新旧不限。洗干净就可以。地址：四川省甘孜藏族石渠县西区长沙贡马乡小学， 邮编：627350 校长：达洼15884044467 如果有合适的衣服可以邮寄，帮忙转一下贴也好，也许您的一下简单复制，就能给孩子们一个幸福的明天。天气冷给孩子们添加些棉衣！希望得到帮助
1,77,广东普宁通报百余人抗议环保项目 打砸学校恐吓师生普宁市通报称个别人员造谣炒作串联煽动民众游行聚集上访反对新建的普宁云落生活垃圾环保处理中心项目24日150多名挑头分子先后强行闯入该市云落镇2所学校煽动恐吓师生打砸一学校门窗等致个别师生受伤,【广东普宁通报：百余人抗议环保项目 打砸学校恐吓师生】普宁市通报称，个别人员造谣炒作，串联煽动民众游行，聚集上访，反对新建的普宁云落生活垃圾环保处理中心项目。24日，150多名挑头分子先后强行闯入该市云落镇2所学校，煽动、恐吓师生，打砸一学校门窗等，致个别师生受伤。http://t.cn/R45Pt7G
1,78,中国9大最恐怖栈道 一起来挑战华山长空栈道仅三道木板宽天门山鬼谷玻璃栈道全线都立于万丈悬崖中贵州南江大峡谷栈道头顶一线天踩着摇摇欲坠铁索桥脚下是湍急流水河北白石山国内最长悬空玻璃栈道世之奇伟瑰怪常在于险远你敢挑战吗,【中国9大最“恐怖”栈道 一起来挑战】①华山长空栈道，仅三道木板宽；②天门山鬼谷玻璃栈道，全线都立于万丈悬崖中；③贵州南江大峡谷栈道，头顶一线天，踩着“摇摇欲坠”铁索桥，脚下是湍急流水；④河北白石山“国内最长悬空玻璃栈道”……世之奇伟、瑰怪，常在于险远，你，敢挑战吗？@旅者志
1,78,怪癖男子长期吃屎 称女厕所的好吃这是日前发生在江门的一幕超重口味事件怪癖男子长期吃屎称女厕所的好吃还说自己饿了就吃已经吃了很久 当记者问男子为什么会选择女厕所该名男子回答称女厕的比较好吃点O怪癖男子长期吃屎 称女厕所的好吃百吃不厌 万象,【“怪癖”男子长期吃屎 称女厕所的好吃】这是日前发生在江门的一幕超重口味事件，“怪癖”男子长期吃屎，称女厕所的好吃，还说自己饿了就吃已经吃了很久。 当记者问男子为什么会选择女厕所，该名男子回答称“女厕的比较好吃点。”O“怪癖”男子长期吃屎 称女厕所的好吃百吃不厌 - 万象 -
0,78,赵红霞女士 你创造了一次单兵作战就扳倒了10多名厅级贪官的骄人战绩女人的一生应当这样度过当回首往事的时候她不至于因为虚度年华而痛悔也不至于因为过去的碌碌无为而羞愧在临死的时候她能够说我的整个生命和全部精力都已献给世界上最壮丽的事业为人类的反腐而斗争nbspnbspnbsp,赵红霞女士: 你创造了一次单兵作战就扳倒了10多名厅级贪官的骄人战绩。女人的一生应当这样度过，当回首往事的时候，她不至于因为虚度年华而痛悔，也不至于因为过去的碌碌无为而羞愧，在临死的时候，她能够说；我的整个生命和全部精力，都已献给世界上最壮丽的事业，-----为人类的反腐而斗争。&nbsp;&nbsp;&nbsp;
0,78,转中国人拍的金陵十三钗小鬼子票房为零小日本拍的贞子3D将于9月12日在中国大陆上映而9月12日既是南京大屠杀纪念日又是国难日勿忘国耻作为中国人敢不敢让 贞子3D 9月12日票房为零 朋友们 拿起你的鼠标 复制然后粘贴一下 转起转起,转：中国人拍的《金陵十三钗》小鬼子票房为零。小日本拍的《贞子》3D将于9月12日在中国大陆上映。而9月12日既是南京大屠杀纪念日，又是国难日。勿忘国耻！！作为中国人，敢不敢让 贞子3D 9月12日票房为零。 朋友们 拿起你的鼠标 复制然后粘贴一下 转起转起！
0,78,洋毒食国家质检总局进口不合格食品黑榜挪威的大西洋鲑鱼检出副溶血性弧菌被销毁韩国进口的乐天牌巧克力粒德国进口的欧尚85黑巧克力均发现铜超标被退货或销毁丹麦奇新蓝罐有限公司生产的曲奇饼干大肠菌群超标被销毁北京晚报仲有乜食得咖吃货们周知,【洋毒食：国家质检总局进口不合格食品黑榜】挪威的大西洋鲑鱼，检出副溶血性弧菌，被销毁。韩国进口的乐天牌巧克力粒，德国进口的欧尚85%黑巧克力，均发现铜超标，被退货或销毁。丹麦奇新蓝罐有限公司生产的曲奇(饼干)，大肠菌群超标，被销毁。（北京晚报）仲有乜食得咖？！吃货们周知！
0,79,紧急通知110已证实不是假的大家注意紧急通知家里有孩子的 大人都看好了江苏省来了1000多外地人专偷小孩抢小孩的苏州已丢20多个已解剖7个拿走器官今天学校也给家长开会呢说凡是街上转悠跟到家门口楼下就走了面包车收粮食的车收旧家电的人带黑口罩穿黑裤子有人问路千万别停下,"紧急通知：110已证实不是假的！大家注意！紧急通知：家里有孩子的 大人都看好了，江苏省来了1000多外地人,专偷小孩抢小孩的,苏州已丢20多个,已解剖7个拿走器官！今天学校也给家长开会呢,说凡是街上转悠,跟到家门口楼下就走了,面包车,收粮食的车,收旧家电的,人带黑口罩,穿黑裤子,有人问路千万别停下！！"
0,79,天津滨海新区塘沽码头爆炸 原因集装箱乙醇爆炸 9辆消防车官兵53人遇难 公安干警21人遇难 百姓未知 预计死亡人数已到 600多人 现在新闻报道死亡17人具体还在统计中国就这样差距那么大因为超过36人市委书记这个级别的要撤职所以一开始发生就注定了死亡人数不会超过36除非真的瞒不住了,天津滨海新区塘沽码头爆炸 原因集装箱乙醇爆炸 9辆消防车官兵53人遇难 公安干警21人遇难 百姓未知 预计死亡人数已到 600多人 ，现在新闻报道死亡17人，具体还在统计，中国就这样，差距那么大！因为超过36人，市委书记这个级别的要撤职，所以一开始发生，就注定了死亡人数不会超过36。除非真的瞒不住了
0,79,110已证实不是假的紧急通知家里有孩子的 大人都看好了江苏省来了1000多外地人 专偷小孩抢小孩的 苏州已丢20多个已解剖7个拿走器官今天学校也给家长开会呢说凡是街上转悠跟到家门口楼下就走了面包车收粮食的车收旧家电的人带黑口罩穿黑裤子有问路的千万别停下不要理会,110已证实不是假的！紧急通知：家里有孩子的 大人都看好了，江苏省来了1000多外地人 专偷小孩抢小孩的 苏州已丢20多个，已解剖7个拿走器官！今天学校也给家长开会呢，说凡是街上转悠，跟到家门口楼下就走了，面包车，收粮食的车，收旧家电的，人带黑口罩，穿黑裤子，有问路的千万别停下，不要理会，
1,79,刘军巴黎是恐袭案的池鱼西方世界领头羊美国不是一个负责任的大国 它草率发动并仓促地结束伊拉克战争和阿富汗战争导致越反越恐的乱局出现考虑到欧洲紧邻恐怖势力泛滥的伊斯兰世界的地理现实欧洲即将进入一个反恐新时代巴黎只是恐怖袭击中的池鱼之一O刘军巴黎是恐袭案的池鱼,【刘军：巴黎是恐袭案的“池鱼”】西方世界领头羊美国不是一个负责任的大国。 它草率发动并仓促地结束伊拉克战争和阿富汗战争，导致“越反越恐”的乱局出现。考虑到欧洲紧邻恐怖势力泛滥的伊斯兰世界的地理现实，欧洲即将进入一个反恐新时代，巴黎只是恐怖袭击中的“池鱼”之一。O刘军：巴黎是恐袭案的“池鱼”
1,79,车翻煤撒一地今晨6点多顺义白马路和顺密路交叉口两辆运煤大货车相撞一车侧翻所幸两司机并无大碍受事故影响白马路仅剩一条车道附近路段造成拥堵目击者称一运煤车逆行致事故发生上午11点左右现场清理完毕交警表示事故原因正在调查京华记者吕高见,#京城事#【两运煤车相撞 车翻煤撒一地】今晨6点多，顺义白马路和顺密路交叉口，两辆运煤大货车相撞，一车侧翻，所幸两司机并无大碍。受事故影响，白马路仅剩一条车道，附近路段造成拥堵。目击者称，一运煤车逆行致事故发生。上午11点左右，现场清理完毕。交警表示，事故原因正在调查。京华记者吕高见
1,79,车主车上留字孩子住院别贴我 交警早日康复沈阳潘先生到医院照顾娃由于停车场没车位将车停在路旁车被贴罚单潘挪了车并在车上留言称孩子住院没停车位才停在这里请别贴我不久后警察蜀黍也留了张条祝早日康复以后尽量按位停车华商晨报O网页链接,【车主车上留字“孩子住院别贴我” 交警：早日康复】沈阳潘先生到医院照顾娃，由于停车场没车位，将车停在路旁，车被贴罚单，潘挪了车，并在车上留言称“孩子住院，没停车位才停在这里，请别贴我”。不久后，警察蜀黍也留了张条：“祝早日康复，以后尽量按位停车。”(华商晨报)O网页链接
0,80,90后女生小丹通过网络社交比邻上认识了广州一男孩两人在不到三天的时间迅速坠入爱河当小丹只身前往广州与其见面后发现对方竟是失去行动能力的小伙而小丹对此竟做出一个惊人的决定退学向对方求婚并承诺照顾对方一生男孩长得很像周杰伦还弹得一首好吉他这段恋情在网上引起轩然大波,90后女生小丹通过网络社交比邻上认识了广州一男孩，两人在不到三天的时间迅速坠入爱河，当小丹只身前往广州与其见面后，发现对方竟是失去行动能力的小伙，而小丹对此竟做出一个惊人的决定：退学向对方求婚，并承诺照顾对方一生。男孩长得很像周杰伦，还弹得一首好吉他，这段恋情在网上引起轩然大波。
0,80,妇幼保健院提示您请不要给宝宝喝爽歪歪和有添加剂的牛奶饮料告诉家里有小孩的朋友刚看了新闻旺仔牛奶可口可乐爽歪歪娃哈哈AD钙奶多美滋雅培美汁源果粒奶优菠萝味的都含有肉毒杆菌现在紧急召回nbspnbspnbspnbspnbspnbspnbspnbspnbspnbsp望家长朋友们爱孩子 就别给他喝了必须转,妇幼保健院提示您，请不要给宝宝喝爽歪歪和有添加剂的牛奶饮料，告诉家里有小孩的朋友，刚看了新闻：旺仔牛奶。、可口可乐、爽歪歪。娃哈哈AD钙奶、多美滋、雅培、美汁源果粒奶优菠萝味的。都含有肉毒杆菌。现在紧急召回&nbsp;&nbsp;&nbsp;&nbsp;&nbsp;&nbsp;&nbsp;&nbsp;&nbsp;&nbsp;望家长朋友们爱孩子 就别给他喝了！必须转！
1,80,成都被打女司机事发前疑两度故意别车 涉案男子道歉日前成都殴打女司机男子已向对方道歉而记者从警方提供的行车记录视频中看到被殴打的女司机曾两次突然变道险造事故期间双方都有互相喊话的举动疑似斗气L暴打女司机男子行车记录仪视频曝光 O成都殴打女司机男子行车记录仪视频曝光,"【成都被打女司机事发前疑两度故意别车 涉案男子道歉】日前,成都殴打女司机男子已向对方道歉,而记者从警方提供的行车记录视频中看到，被殴打的女司机曾两次突然变道险造事故。期间，双方都有互相喊话的举动，疑似斗气。L暴打女司机男子行车记录仪视频曝光 O成都殴打女司机男子行车记录仪视频曝光"
1,80,现场水里跃起大批鲤鱼 美大学赛艇队训练中止最近美国华盛顿大学新生赛艇队在河里训练时遭遇突然袭击一群在美国称王称霸的亚洲鲤鱼仿佛正在进行跃龙门练习一通乱蹦几乎让赛艇队无法继续训练要不要支援你们200个中国厨子为民除害呀L现场水里跃起大批鲤鱼 美大学赛艇队训练中止,【现场：水里跃起大批鲤鱼 美大学赛艇队训练中止】最近，美国华盛顿大学新生赛艇队在河里训练时遭遇“突然袭击”，一群在美国“称王称霸”的亚洲鲤鱼仿佛正在进行跃龙门练习，一通乱蹦几乎让赛艇队无法继续训练......要不要支援你们200个中国厨子为民除害呀？L现场：水里跃起大批鲤鱼 美大学赛艇队训练中止
1,80,日本福袋最贵52万一只 成中国游客抢手货由于中国大陆和港台游客涌入大阪各百货公司特别扩大了免税福袋柜台东京松屋百货开店一小时衣服类福袋就被抢购一空其中最贵福袋6瓶葡萄酒约52万元人民币15分钟就被人买走据悉福袋是多件商品进行搭配销售的袋子或纸盒O网页链接,【日本福袋最贵52万一只 成中国游客抢手货】由于中国大陆和港台游客涌入，大阪各百货公司特别扩大了免税福袋柜台。东京松屋百货开店一小时，衣服类福袋就被抢购一空，其中最贵福袋——6瓶葡萄酒约52万元人民币，15分钟就被人买走。据悉，福袋是多件商品进行搭配销售的袋子或纸盒。O网页链接
0,80,妇幼保健院提示您请不要给宝宝喝爽歪歪和有添加剂的牛奶饮料告诉家里有小孩的朋友刚看了新闻旺仔牛奶可口可乐爽歪歪娃哈哈AD钙奶多美滋雅培美汁源果粒奶优菠萝味的都含有肉毒杆菌现在紧急召回nbspnbspnbspnbspnbspnbspnbspnbspnbspnbsp望家长朋友们爱孩子 就别给他喝了必须转,妇幼保健院提示您，请不要给宝宝喝爽歪歪和有添加剂的牛奶饮料，告诉家里有小孩的朋友，刚看了新闻：旺仔牛奶、可口可乐、爽歪歪、娃哈哈AD钙奶、多美滋、雅培、美汁源果粒奶优菠萝味的。都含有肉毒杆菌。现在紧急召回&nbsp;&nbsp;&nbsp;&nbsp;&nbsp;&nbsp;&nbsp;&nbsp;&nbsp;&nbsp;望家长朋友们爱孩子 就别给他喝了！必须转！
0,81,妇幼保健院提示您请不要给宝宝喝爽歪歪和有添加剂的牛奶饮料告诉家里有小孩的朋友刚看了新闻旺仔牛奶可口可乐爽歪歪娃哈哈AD钙奶多美滋雅培美汁源果粒奶优菠萝味的都含有肉毒杆菌现在紧急召回nbspnbspnbspnbspnbspnbspnbspnbspnbspnbspnbspnbsp望家长朋友们爱孩子 就别给他喝了转,妇幼保健院提示您，请不要给宝宝喝爽歪歪和有添加剂的牛奶饮料，告诉家里有小孩的朋友，刚看了新闻：旺仔牛奶、可口可乐、爽歪歪。娃哈哈AD钙奶、多美滋、雅培、美汁源果粒奶优菠萝味的。都含有肉毒杆菌。现在紧急召回&nbsp;&nbsp;&nbsp;&nbsp;&nbsp;&nbsp;&nbsp;&nbsp;&nbsp;&nbsp;&nbsp;&nbsp;望家长朋友们爱孩子 就别给他喝了！转！
1,81,朋友圈文艺装哔照背后的真相戳开朋友圈羡慕嫉妒的时候又到了A去了苏梅岛清爽度假B喝了个名媛下午茶C的厨艺看起来已经无人能敌了D的家里收拾得好有格调难道只有我一个人活得如此狼狈不堪吗机智的泰国摄影师告诉你这些凹造型加滤镜的文艺照片只能信一半O朋友圈文艺装哔照背后的真相,【朋友圈文艺装哔照背后的真相】戳开朋友圈，羡慕嫉妒的时候又到了。A去了苏梅岛清爽度假；B喝了个名媛下午茶；C的厨艺看起来已经无人能敌了；D的家里收拾得好有格调，难道只有我一个人活得如此狼狈不堪吗……机智的泰国摄影师告诉你：这些凹造型、加滤镜的文艺照片，只能信一半。O朋友圈文艺装哔照背后的真相
1,81,俄罗斯官方再辟谣向中国转交土地是假消息当地时间10日俄罗斯外交部表示有关俄方向中国转交47平方千米土地的说法是虚假消息俄中两国间不存在领土争议根据俄中双方2001年7月16日签署的俄罗斯与中国睦邻友好合作条约俄中两国不存在任何领土争端O俄罗斯官方再次声明俄向中国转交土地消息不实,【俄罗斯官方再辟谣：向中国转交土地是假消息】当地时间10日，俄罗斯外交部表示，有关“俄方向中国转交4.7平方千米土地”的说法是虚假消息，俄中两国间不存在领土争议。“根据俄、中双方2001年7月16日签署的俄罗斯与中国睦邻友好合作条约，俄中两国不存在任何领土争端”。O俄罗斯官方再次声明：“俄向中国转交土地”消息不实
0,81,立刻检查一下你家里的牙膏管底部如果是黑色条马上扔掉nbspnbsp大家買牙膏請留心买牙膏时注意牙膏管反面底部的颜色条nbspnbsp今天才知道原来颜色条有含义啊nbspnbsp尽量选择绿色和蓝色的吧nbspnbsp共分4种绿蓝红黑nbspnbsp绿色纯天然nbspnbsp蓝色天然药物nbspnbsp红色天然化学成分nbspnbsp黑色纯化学nbspnbsp,"立刻检查一下你家里的牙膏管底部，如果是黑色条马上扔掉！&nbsp;&nbsp;大家買牙膏請留心,买牙膏时注意牙膏管反面底部的颜色条,&nbsp;&nbsp;今天才知道，原来颜色条有含义啊！&nbsp;&nbsp;尽量选择绿色和蓝色的吧！&nbsp;&nbsp;共分4种:绿、蓝、红、黑.&nbsp;&nbsp;绿色:纯天然；&nbsp;&nbsp;蓝色:天然+药物；&nbsp;&nbsp;红色:天然+化学成分；&nbsp;&nbsp;黑色:纯化学。&nbsp;&nbsp;@生长的幸福树"
0,82,急找孩子求转求帮忙寻人事13759695559 帮忙扩散今天上午一个三岁多小女孩在沃尔玛附近被人拐走了小女孩能说出她爸爸的手机号码 从监控上看是被一个四十多岁男人抱走了现大人都急疯了有知情者请告之 万分感谢 看到信息的兄弟姐妹留意一下 联系人 张静杰13759695559 2矿山路,急找孩子求转求帮忙寻人事13759695559 帮忙扩散，今天上午一个三岁多小女孩在沃尔玛附近被人拐走了，小女孩能说出她爸爸的手机号码 从监控上看是被一个四十多岁男人抱走了现大人都急疯了有知情者请告之 万分感谢 看到信息的兄弟姐妹留意一下 联系人 张静杰13759695559 2矿山路
1,82,小狗饿成皮包骨昨晚在三里屯SOHO2号商场的妙宠工坊店外聚集了大量爱狗爱猫人士缘由是该店老板长期不在店内照料许多小猫小狗被饿成皮包骨头今天上午杂乱无章的店内人去楼空气味难闻两只无人看管的比格犬被爱心人士带回家中照料京华记者贾婷 赵思衡,#京城事#【宠物店老板失踪 小狗饿成皮包骨】昨晚，在三里屯SOHO2号商场的妙宠工坊店外，聚集了大量爱狗爱猫人士。缘由是该店老板长期不在店内照料，许多小猫小狗“被饿成皮包骨头”。今天上午，杂乱无章的店内人去楼空、气味难闻，两只无人看管的比格犬被爱心人士带回家中照料。京华记者贾婷 赵思衡
0,82,大家一起帮忙转爱心Mico是中美混血男孩3周岁身高1米左右偏瘦寸头离开时身穿绿色棉布大衣深蓝色裤子咖色皮鞋能说简单的中文及英文于1月7日1633分左右在爱绿双语幼儿园门口育秀路段大润发周边被抢走至今下落未明他的妈妈已近崩溃望知情者提供线索求扩散,（大家一起帮忙转[爱心]）Mico是中美混血男孩，3周岁，身高1米左右，偏瘦，寸头，离开时身穿绿色棉布大衣、深蓝色裤子、咖色皮鞋，能说简单的中文及英文。于1月7日16：33分左右，在爱绿双语幼儿园门口育秀路段（大润发周边）被抢走，至今下落未明，他的妈妈已近崩溃，望知情者提供线索，求扩散！
1,82,人民网评国足没有赢球的决心国足已基本无缘2018世界杯你可以说国足在理论上还活着但这种延续痛苦的苟延残喘又有多少实在的意义中国足球太缺少在硬仗中磨练的机会难以在这种必须赢下的比赛中展现出舍我其谁的气势国足不该踢成这种结果应该有人承担他该承担的责任O特约评论国足没有赢球的决心,"【人民网评：国足没有赢球的决心】国足已基本无缘2018世界杯。你可以说国足在理论上还活着,但这种延续痛苦的苟延残喘,又有多少实在的意义？中国足球太缺少在硬仗中磨练的机会,难以在这种必须赢下的比赛中展现出舍我其谁的气势。国足不该踢成这种结果,应该有人承担他该承担的责任。O特约评论：国足没有赢球的决心"
1,82,女子网购给差评遭陌生男子上门暴打南京董女士网购衣服收货时发现卖家发错货退回后卖家第二次寄货又发错货董决定退货给差评卖家发短信威胁删掉差评董女士没往心里去22日晚三个男子找上门就是一顿暴打逼她删掉差评卖家表示很无辜警方正在调查现代快报O网页链接,【女子网购给差评遭陌生男子上门暴打】南京董女士网购衣服，收货时发现卖家发错货，退回后卖家第二次寄货又发错货。董决定退货给差评。卖家发短信威胁删掉差评，董女士没往心里去。22日晚，三个男子找上门就是一顿暴打，逼她删掉差评。卖家表示很无辜，警方正在调查。(现代快报)O网页链接
0,83,人民检察官你算是人吗 三岁半的小奥林被三条大狼狗咬得遍体鳞伤昏迷4天4夜抢救13天已经花了15万接下来几次手术医生说最低还需要30万以上狗主人gt浙江诸暨人民检察官拒绝拿钱治疗并威胁我不要在绍兴和诸暨打官司要打官司到北京打没人性请转发扩散让邪恶势力无所遁形,"【人民检察官，你算是人吗？】 三岁半的小奥林被三条大狼狗咬得遍体鳞伤，昏迷4天4夜,抢救13天,已经花了15万,接下来几次手术,医生说最低还需要30万以上,狗主人&gt;浙江诸暨人民检察官拒绝拿钱治疗，并威胁我不要在绍兴和诸暨打官司，要打官司到北京打！没人性，请转发扩散！让邪恶势力无所遁形！"
0,83,仇和名扬天下就是这张掀起全国暴力拆迁的著名照片 一队浩浩荡荡人马在滚滚尘土中奔赴暴力拆迁现场中间穿皮夹克敞着怀大步流星的宿迁市委县级市书记仇和一边是提着警棍夹着判决书的另一边是扛着摄像机的后面是庞大的推土机和各种拆迁机器准备在对拆迁户施行专政后再实行舆论讨伐网络,仇和名扬天下就是这张掀起全国暴力拆迁的著名照片： 一队浩浩荡荡人马在滚滚尘土中奔赴暴力拆迁现场，中间穿皮夹克敞着怀大步流星的宿迁市委(县级市)书记仇和，一边是提着警棍夹着判决书的，另一边是扛着摄像机的，后面是庞大的推土机和各种拆迁机器。准备在对拆迁户施行专政后再实行舆论讨伐..网络.
1,83,1000男子成群作案德国科隆除夕夜发生大规模性侵案件引发抗议当时约1000名醉酒和富有攻击性的男子参与犯罪目前约90名妇女向警方举报在当天受性侵和抢劫目击者称涉案男性是阿拉伯人或北非人长相默克尔下令严查中新社O德国科隆新年夜90人遭性侵 罪犯每5个人结成团伙,#德千名男子成群性侵#【德国爆发大规模性侵 1000男子成群作案】德国科隆除夕夜发生大规模性侵案件引发抗议。当时约1000名“醉酒和富有攻击性”的男子参与犯罪，目前约90名妇女向警方举报在当天受性侵和抢劫。目击者称涉案男性是阿拉伯人或北非人长相。默克尔下令严查。中新社O德国科隆新年夜90人遭性侵 罪犯每5个人结成团伙
1,83,村干部被曝饭桌上脱女子衣服近日朋友圈疯传不雅视频一中年男子跟一名长发女子搂抱在一起并试图脱该女性衣服该男子金表金戒指等光亮闪闪而被其脱衣抚摸的长发女子胸部肚部等已裸有知情人称当事人为如皋市吴窑镇长西村副书记村主任陈某明及如皋某娱乐场所妈咪O网易新闻,【村干部被曝饭桌上脱女子衣服】近日，朋友圈疯传不雅视频，一中年男子跟一名长发女子搂抱在一起并试图脱该女性衣服，该男子金表、金戒指等光亮闪闪，而被其脱衣抚摸的长发女子胸部、肚部等已裸。有知情人称当事人为如皋市吴窑镇长西村副书记、村主任陈某明及如皋某娱乐场所妈咪。O网易新闻
0,84,是我朋友的朋友帮帮忙谢谢nbspnbspnbspnbspnbsp寻人启事 13836689002有线索酬金100万 帮忙扩散今天上午一个2多岁小男孩在阳光小区附近被人拐走了小男孩能说出他的名字王鹤从监控上看是被一个四十多岁男人抱走了现大人都急疯了 有知情者请告之 万分感谢 看到信息的兄弟姐妹留意一下 联系人汪永超,是我朋友的朋友帮帮忙谢谢！&nbsp;&nbsp;&nbsp;&nbsp;&nbsp;寻人启事 13836689002。有线索酬金100万 帮忙扩散，今天上午一个2多岁小男孩在阳光小区附近被人拐走了，小男孩能说出他的名字……王鹤从监控上看是被一个四十多岁男人抱走了现大人都急疯了 有知情者请告之 万分感谢 看到信息的兄弟姐妹留意一下 联系人汪永超～
0,84,实验小学 张静杰 求转求帮忙 寻人启示 13759695559 帮忙扩散今天上午一个三岁多小女孩在世纪家园小区附近被人拐走了小女孩能说出她爸爸的手机号码 从监控上看是被一个四十多岁男人抱走了现大人都急疯了 有知情者请告之 万分感谢 看到信息的兄弟姐妹留意联系人 张静杰13759695559,实验小学 张静杰: 求转，求帮忙。 寻人启示 13759695559 帮忙扩散，今天上午一个三岁多小女孩在世纪家园小区附近被人拐走了，小女孩能说出她爸爸的手机号码 从监控上看是被一个四十多岁男人抱走了现大人都急疯了 有知情者请告之 万分感谢 看到信息的兄弟姐妹留意联系人 张静杰13759695559@温州草根新闻
1,84,孩子刮人车妈妈留下纸条 车主这是正能量不要赔偿昨天浙江乐清徐先生在自己车门后视镜上发现一张纸条你车门把手上白色的圆点是我儿子不小心弄的不好意思如果需要赔偿可以联系我修车费用为1500元但徐先生说留纸条这事很正能量不打算找对方赔偿O孩子刮人车妈妈留下愿赔纸条 车主看后收获正能量不要赔偿,【孩子刮人车妈妈留下纸条 车主：这是正能量不要赔偿】昨天，浙江乐清徐先生在自己车门后视镜上发现一张纸条，“你车门把手上白色的圆点是我儿子不小心弄的，不好意思。如果需要赔偿可以联系我…”修车费用为1500元，但徐先生说留纸条这事很“正能量”，不打算找对方赔偿。O孩子刮人车，妈妈留下“愿赔”纸条 车主看后收获“正能量”：不要赔偿
1,84,乌克兰26岁美女任海关关长当地时间17日乌克兰总统波罗申科亲自任命26岁的尤莉娅马鲁舍夫斯卡娅为敖德萨州海关新任关长马鲁舍夫斯卡娅曾在哈佛和斯坦福深造进修过乌克兰独立广场革命期间她以一段名为 我是一个乌克兰人的视频爆红网络明明可以靠脸吃饭O乌26岁美女任海关关长图,【乌克兰26岁美女任海关关长】当地时间17日，乌克兰总统波罗申科亲自任命26岁的尤莉娅-马鲁舍夫斯卡娅为敖德萨州海关新任关长。马鲁舍夫斯卡娅曾在哈佛和斯坦福深造进修过。乌克兰独立广场革命期间，她以一段名为 “我是一个乌克兰人”的视频爆红网络。明明可以靠脸吃饭……O乌26岁美女任海关关长.图
1,85,quot百名红通quot4号嫌犯黄玉荣 从美国回国投案自首今日潜逃美国13年之久的贪污贿赂犯罪嫌疑人黄玉荣回国投案自首黄玉荣女1951年出生曾任河南省高速公路管理局党委书记发展有限公司副董事长等职务涉嫌贪污受贿2002年8月逃往美国告诫在逃境外人员早日回国投案自首争取宽大处理,【&quot;百名红通&quot;4号嫌犯黄玉荣 从美国回国投案自首】今日，潜逃美国13年之久的贪污贿赂犯罪嫌疑人黄玉荣回国投案自首。黄玉荣，女，1951年出生，曾任河南省高速公路管理局党委书记、发展有限公司副董事长等职务，涉嫌贪污、受贿。2002年8月逃往美国。告诫在逃境外人员，早日回国投案自首、争取宽大处理！
1,85,投诉无门 霸船维权因台风天鹅的影响海洋量子号邮轮的日本游变脸韩国游今天上午邮轮九天八夜的旅程结束船靠了但仍有300多人不满意补偿方案一度拒绝下船O海洋量子号返程靠岸 300余人一度拒绝下船 市旅游局表示霸船已属违法行为消费者应理性维权邮轮运营方也强调给游客的是补偿并非赔偿,【投诉无门 “霸船”维权】因台风天鹅的影响，海洋量子号邮轮的日本游变脸韩国游。今天上午，邮轮九天八夜的旅程结束，船靠了，但仍有300多人不满意补偿方案，一度拒绝下船：O海洋量子号返程靠岸 300余人一度拒绝下船 市旅游局表示，“霸船”已属违法行为，消费者应理性维权。邮轮运营方也强调，给游客的是补偿，并非赔偿。
0,85,铜仁南门今天抢小孩没抢走把孩子母亲捅了一刀看见这车的注意了真事车牌号冀D S6005赶紧散播 都别带孩子出去瞎转悠了 尤其别让老人自己带孩子出去 太危险了 注意了晋A21T06五菱面包车在各学校门口抢小孩110已经证实全市通缉不求点赞只求扩散请保护好自己的宝贝,"#铜仁身边事# 铜仁南门今天抢小孩没抢走，把孩子母亲捅了一刀，看见这车的注意了，真事，车牌号冀D S6005！赶紧散播！ 都别带孩子出去瞎转悠了 尤其别让老人自己带孩子出去 太危险了 注意了！晋A21T06,五菱面包车，在各学校门口抢小孩！110已经证实！全市通缉！不求点赞只求扩散！请保护好自己的宝贝！"
1,86,它或许是地球最胖喵星人 体重20公斤腰围90厘米家在越南的喵星人Miu靠着惊人体重摘得世界最重猫桂冠爱吃鱼爱喝牛奶虽然身材丰满但它跳上个40厘米的台子仍轻而易举有人出价1亿2千万越南盾约3万4千元人民币想买下它被主人一口回绝坚决不卖央视记者周洋,【它，或许是地球最胖喵星人… 】体重20公斤，腰围90厘米，家在越南的喵星人Miu靠着惊人体重，摘得“世界最重猫”桂冠。爱吃鱼，爱喝牛奶，虽然身材丰满，但它跳上个40厘米的台子仍轻而易举。有人出价1亿2千万越南盾（约3万4千元人民币）想买下它，被主人一口回绝：坚决不卖。（央视记者周洋）
1,86,传递这张照片铁证日本东京曾挂条幅 quot祝南京陷落quot今日重庆北碚区档案馆公布史料一本日本刊物1938年二月号赫然印着quot南京陷落祝贺号quot画面中日本东京银座街头条幅写着quot祝南京陷落quot五字后天就是南京大屠杀死难者国家公祭日一起转发祭奠同胞珍爱和平央视记者牟亮,【传递这张照片！铁证！日本东京曾挂条幅 &quot;祝南京陷落&quot;】今日，重庆北碚区档案馆公布史料：一本日本刊物1938年二月号赫然印着&quot;南京陷落祝贺号&quot;。画面中，日本东京银座街头，条幅写着&quot;祝南京陷落&quot;五字…后天，就是南京大屠杀死难者国家公祭日，一起转发，祭奠同胞！珍爱和平！(央视记者牟亮)
0,86,海参崴的消亡今年的APEC峰会放在符拉迪沃斯托克市中国叫海参崴整个清朝该市主权都属中国民国时期1941年中苏友好同盟协议规定苏联同意50年内撤走驻军所以法律上1991年之前都不是俄领土2001年中俄签约确认此城不再为中国领土符拉迪沃斯托克的俄语意思为征服东方评噩梦重温,【海参崴的消亡】今年的APEC峰会放在符拉迪沃斯托克市（中国叫海参崴），整个清朝该市主权都属中国，民国时期1941年《中苏友好同盟协议》规定苏联同意50年内撤走驻军，所以法律上1991年之前都不是俄领土。2001年中俄签约，确认此城不再为中国领土。符拉迪沃斯托克的俄语意思为征服东方。【评】噩梦重温
0,86,寻人启事 13940292999有线索酬金10万 帮忙扩散今天上午一个三岁多小女孩在锦绣花园小区附近被人拐走了小女孩能说出她爸爸的手机号码 从监控上看是被一个四十多岁男人抱走了现大人都急疯了 有知情者请告之 万分感谢 看到信息的兄弟姐妹留意一下 联系人宁继春13940292999 2环城路,寻人启事 13940292999。有线索酬金10万 帮忙扩散，今天上午一个三岁多小女孩在锦绣花园小区附近被人拐走了，小女孩能说出她爸爸的手机号码 从监控上看是被一个四十多岁男人抱走了现大人都急疯了 有知情者请告之 万分感谢 看到信息的兄弟姐妹留意一下 联系人宁继春13940292999 2环城路
0,87,腾讯环球时报主编胡锡进1月29日抵达印度新德里参加中印媒体论坛2月2日在孟买登机飞香港转机回北京其是否在香港转机是否抵达北京皆无人知晓未到单位上班已有8天目前处于失联状态他最后一条微博发于孟买机场 据可靠消息胡锡进转机香港后秘密乘坐去美国的航班离港已到美国芝加哥,【腾讯】环球时报主编胡锡进1月29日抵达印度新德里参加“中印媒体论坛”，2月2日在孟买登机飞香港转机回北京，其是否在香港转机是否抵达北京皆无人知晓，未到单位上班已有8天，目前处于失联状态。他最后一条微博发于孟买机场 。据可靠消息，胡锡进转机香港后秘密乘坐去美国的航班离港，已到美国芝加哥
1,87,上海家化董事长被刺伤嫌疑人今晨落网9月18号傍晚上海家化董事长兼总经理谢文坚在公司办公楼门前被一名身份不明的男子刺伤上海家化方面表示谢文坚伤情并不严重可以继续正常工作今日凌晨民警在宝山区淞滨路一小区内将嫌疑人许某男25岁安徽淮南抓获O上海家化董事长系被人刺伤 嫌疑人已被抓获,【上海家化董事长被刺伤嫌疑人今晨落网】9月18号傍晚，上海家化董事长兼总经理谢文坚在公司办公楼门前，被一名身份不明的男子刺伤。上海家化方面表示谢文坚伤情并不严重，可以继续正常工作。今日凌晨，民警在宝山区淞滨路一小区内将嫌疑人许某（男，25岁，安徽淮南）抓获。O上海家化董事长系被人刺伤 嫌疑人已被抓获
0,88,寻人启事 13940292999有线索酬金10万 帮忙扩散今天上午一个三岁多小女孩在锦绣花园小区附近被人拐走了小女孩能说出她爸爸的手机号码 从监控上看是被一个四十多岁男人抱走了现大人都急疯了 有知情者请告之 万分感谢 看到信息的兄弟姐妹留意一下 联系人宁继春13940292999 是真事请帮个忙,寻人启事 13940292999。有线索酬金10万 帮忙扩散，今天上午一个三岁多小女孩在锦绣花园小区附近被人拐走了，小女孩能说出她爸爸的手机号码 从监控上看是被一个四十多岁男人抱走了现大人都急疯了 有知情者请告之 万分感谢 看到信息的兄弟姐妹留意一下 联系人宁继春13940292999 是真事，请帮个忙
1,88,广东查获特大走私案2674只穿山甲被剥鳞广东江门海关破获特大穿山甲走私案件共查获穿山甲冻体2674只皆被剥去鳞片国家严厉打击濒危动物销售但受吃穿山甲能补身体的陋习影响消费市场仍未完全杜绝走私穿山甲等濒危动物仍有地下销售渠道及10倍以上的利润空间O网页链接,【广东查获特大走私案：2674只穿山甲被剥鳞】广东江门海关破获特大穿山甲走私案件，共查获穿山甲冻体2674只，皆被剥去鳞片。国家严厉打击濒危动物销售，但受吃穿山甲能补身体的陋习影响，消费市场仍未完全杜绝，走私穿山甲等濒危动物仍有地下销售渠道，及10倍以上的利润空间。O网页链接
1,88,大连小区内一男一女惨遭枪杀 警方悬赏10万缉凶7月23日晚19时许大连市中山区华乐小区7号楼发生一起持枪杀人案件据目击者描述作案的中年男子并未蒙面揪着女受害人的头发开了两枪女方高喊两声救命无果大连警方确认枪杀案属实目前已发布通缉令悬赏10万元通缉凶手O网页链接,【大连小区内一男一女惨遭枪杀 警方悬赏10万缉凶】7月23日晚19时许，大连市中山区华乐小区7号楼发生一起持枪杀人案件，据目击者描述作案的中年男子并未蒙面，揪着女受害人的头发开了两枪，女方高喊两声救命无果。大连警方确认枪杀案属实，目前已发布通缉令，悬赏10万元通缉凶手。O网页链接
0,89,寻人启 13759695559 今天上午一个三岁多小女孩在世纪家园小区附近被人拐走了小女孩能说出她爸爸的手机号码 从监控上看是被一个四十多岁男人抱走了现大人都急疯了 有知情者请告之 万分感谢 看到信息的兄弟姐妹留意一下 联系人 张静杰13759695559 你伸出手指按3秒 看到就转转吧 2吉祥路,寻人启 13759695559 今天上午一个三岁多小女孩在世纪家园小区附近被人拐走了，小女孩能说出她爸爸的手机号码 从监控上看是被一个四十多岁男人抱走了现大人都急疯了 有知情者请告之 万分感谢 看到信息的兄弟姐妹留意一下 联系人 张静杰13759695559 你伸出手指按3秒 看到就转转吧 2吉祥路
1,89,俄特警持枪向女友求婚 女友含泪接受一位俄罗斯特警头戴面具手拿冲锋枪当街拦停一辆正在行驶的汽车用枪让一位女乘客下车接受搜查结果这位特警从后备箱拿出气球掏出花和戒指向女子求婚而女子则当场落泪不知是惊是喜并接受了男子的求婚O网页链接 L俄特警持枪拦车只为向女乘客求婚,【俄特警持枪向女友求婚 女友含泪接受】一位俄罗斯特警头戴面具，手拿冲锋枪，当街拦停一辆正在行驶的汽车，用枪让一位女乘客下车接受搜查。结果，这位特警从后备箱拿出气球，掏出花和戒指向女子求婚。而女子则当场落泪，不知是惊是喜，并接受了男子的求婚。O网页链接 L俄特警持枪拦车只为向女乘客求婚
1,90,那位进杭图爱读书的拾荒老人离世他叫章楷进杭州图书馆看书前自发洗手的拾荒老人他是名退休教师退休工资每月五千多但省吃俭用捡些瓶瓶罐罐用化名把大部分收入用于捐资助学还签了遗体捐赠志愿表不幸的是近日老人被出租车撞伤医治无效身亡老人走好O杭图洗手读书拾荒者被撞离世,【那位进杭图爱读书的拾荒老人离世】他叫章楷，进杭州图书馆看书前自发洗手的拾荒老人。他是名退休教师，退休工资每月五千多，但省吃俭用捡些瓶瓶罐罐。用化名把大部分收入用于捐资助学，还签了遗体捐赠志愿表。不幸的是，近日老人被出租车撞伤医治无效身亡。老人走好O杭图洗手读书拾荒者被撞离世
1,90,辽宁阜蒙县一城管队长被当街砍死昨日下午13时许辽宁省阜新蒙古族自治县一城管中队长当街被不明身份人员砍伤不治身亡附近商户称听说被砍了4刀去看的时候脑袋还在喷血我的腿当时就吓软了当地县政府回应此事称目前犯罪嫌疑人尚在逃亡公安机关正全力抓捕O辽宁阜蒙县一城管队长被当街砍死 凶手仍在逃亡,【辽宁阜蒙县一城管队长被当街砍死】昨日下午13时许，辽宁省阜新蒙古族自治县一城管中队长当街被不明身份人员砍伤，不治身亡。附近商户称，“听说被砍了4刀，去看的时候脑袋还在喷血，我的腿当时就吓软了。”当地县政府回应此事称，目前犯罪嫌疑人尚在逃亡，公安机关正全力抓捕。O辽宁阜蒙县一城管队长被当街砍死 凶手仍在逃亡
1,91,九旬母亲照顾六旬病儿 最大的心愿是能为子送终山东莒县石淑珍老人今年91岁丈夫早年去世儿子有精神病三年前又瘫在床上老人每天要照顾64岁的儿子起居老人说娘俩一天只吃两顿饭不饿老人最大的心愿是能一直活着看着儿子去世我要是早走了没人照顾他了O九旬母亲照顾六旬病儿 最大的心愿是能为子送终,【九旬母亲照顾六旬病儿 最大的心愿是能为子送终】山东莒县石淑珍老人今年91岁，丈夫早年去世。儿子有精神病，三年前又瘫在床上。老人每天要照顾64岁的儿子起居。老人说，娘俩一天只吃两顿饭，“不饿”。老人最大的心愿是能一直活着，看着儿子去世，“我要是早走了没人照顾他了”O九旬母亲照顾六旬病儿 最大的心愿是能为子送终
0,91,震惊婴儿被害案另有隐情周喜军儿子周磊为真凶周磊平日游手好闲江湖称号经开三哥警察在带周喜军指认现场时发现可疑确认是父亲替儿顶罪自首今日周磊已归案传因婴儿父亲与其女友有染遂劫车杀人报复图为周磊周喜军及被盗车监控照片大家看看到底是老子在开车还是儿子在开车,【震惊：婴儿被害案另有隐情】周喜军儿子周磊为真凶，周磊平日游手好闲，江湖称号“经开三哥”。警察在带周喜军指认现场时发现可疑，确认是父亲替儿顶罪自首，今日周磊已归案。传因婴儿父亲与其女友有染，遂劫车杀人报复。图为周磊、周喜军及被盗车监控照片，大家看看到底是老子在开车还是儿子在开车
1,92,老板为流浪汉派发百元红包被嫌少往年都是五百斗米养恩担米养仇近日这句话在天河好人尚丙辉身上得到印证由于尚丙辉生意亏了十几万手头十分拮据今年春节他请流浪人员吃饭每人派了100元红包老人却生气地说以前都是五百五百地给是不是名气大了看不起我O老板为流浪汉派发百元红包被嫌少往年都给500,"【老板为流浪汉派发百元红包被嫌少：往年都是五百】斗米养恩,担米养仇。近日,这句话在“天河好人”尚丙辉身上得到印证。由于尚丙辉生意亏了十几万,手头十分拮据。今年春节,他请流浪人员吃饭,每人派了100元红包。老人却生气地说:“以前都是五百五百地给,是不是名气大了,看不起我?”O老板为流浪汉派发百元红包被嫌少：往年都给500"
0,92,新交法太严了 谁还敢开车阿交通新规2013年8月1日施行 小孩坐副驾六分三百元今天开始实施 交通新规2013年8月1日施行 1 闯红灯记6分罚100元 2 酒驾记12分5年内不得再考取驾照 3 不系安全带记3分罚100元 4 副驾不系安全带,新交法太严了 ，谁还敢开车阿。交通新规2013年8月1日施行！ 小孩坐副驾，六分三百元！今天开始实施！ 交通新规2013年8月1日施行: 1 闯红灯，记6分，罚100元。 2 酒驾，记12分、5年内不得再考取驾照。 3 不系安全带，记3分，罚100元。 4 副驾不系安全带 ...
1,93,小区外墙掉渣居民楼挂条幅区长您敢住吗12月6日成都一幢18层高教师住宅楼的居民在该楼外悬挂2个条幅一个写有区长大人您敢住吗另一条可以清楚看到豆渣楼三个字红底白字十分醒目这幢楼房外墙所贴瓷砖出现大面积掉落外墙斑驳残缺央广网O成都外墙掉渣居民楼挂条幅区长您敢住吗,【小区外墙掉渣居民楼挂条幅：区长您敢住吗】12月6日，成都一幢18层高教师住宅楼的居民在该楼外悬挂2个条幅。一个写有“区长大人您敢住吗”，另一条可以清楚看到“豆渣楼”三个字，红底白字，十分醒目。这幢楼房外墙所贴瓷砖出现大面积掉落，外墙斑驳残缺。（央广网）O成都外墙掉渣居民楼挂条幅：区长您敢住吗
1,95,钞票缺角小心是骗局近日江苏王女士买芋头连给两张10元小贩都说缺角不收让给100元他找零后又称没零钱还100元收10元残币结果王女士发现100元被换成假钞小贩被警方找到后承认他收零钱时撕钱一角以残币为由让顾客给100元趁机以假换真如何识假钞戳图学央视记者李筱,【钞票缺角？小心是骗局】近日江苏王女士买芋头，连给两张10元小贩都说缺角不收，让给100元他找零，后又称没零钱还100元收10元残币，结果王女士发现100元被换成假钞。小贩被警方找到后承认，他收零钱时撕钱一角，以残币为由让顾客给100元，趁机以假换真！如何识假钞？戳图学↓↓（央视记者李筱）
0,96,交通新规2013年1月1日施行1闯红灯记6分罚100元2酒驾5年内不得再考取驾照3不系安全带记3分罚100元4副驾不系安全带记1分罚50元5行驶中拨打手机记3分罚100元6行驶中抽烟记1分罚100元7有意遮挡号牌记12分顶额处罚8超速驾驶记6分扩散给大家 广州日报,【交通新规】2013年1月1日施行:1闯红灯，记6分，罚100元。2酒驾，5年内不得再考取驾照。3不系安全带，记3分，罚100元。4副驾不系安全带，记1分，罚50元。5行驶中拨打手机，记3分，罚100元。6行驶中抽烟，记1分，罚100元。7有意遮挡号牌，记12分，顶额处罚。8超速驾驶，记6分。扩散给大家! (广州日报)
1,96,教授称quot北大淫棍多quot败诉后拒绝道歉 法院将强制执行原北大教授邹恒甫因发微博称北大淫棍多被北京大学起诉侵犯名誉权两审败诉后邹恒甫拒绝履行判决向北大道歉海淀法院今日称将对该案强制执行在媒体上公开邹恒甫与北大名誉权案的主要内容费用由邹恒甫负担O教授称quot北大淫棍多quot败诉后拒绝道歉 法院将强制执行,【教授称&quot;北大淫棍多&quot;败诉后拒绝道歉 法院将强制执行】原北大教授邹恒甫因发微博称“北大淫棍多”，被北京大学起诉侵犯名誉权，两审败诉后，邹恒甫拒绝履行判决向北大道歉。海淀法院今日称，将对该案强制执行，在媒体上公开邹恒甫与北大名誉权案的主要内容。费用由邹恒甫负担。O教授称&quot;北大淫棍多&quot;败诉后拒绝道歉 法院将强制执行
1,98,用196万国家赔偿投资创业 萧山冤案王建平赴沪挂牌交易1997年曾因两起杀人案被判死刑上诉后改判死缓17年牢狱生涯2013年无罪释放的王建平获196万国家补偿他用这笔补偿金投资创业今天上午投资的公司正式挂牌交易王建平说他不怕输即便失败日子也比那17年要好O用国家赔偿投资创业 萧山冤案王建平公司上市,"【用196万国家赔偿投资创业 “萧山冤案”王建平赴沪挂牌交易】1997年曾因两起杀人案被判死刑,上诉后改判死缓,17年牢狱生涯。2013年,无罪释放的王建平获196万国家补偿。他用这笔补偿金投资创业。今天上午，投资的公司正式挂牌交易。王建平说他不怕输，即便失败日子也比那17年要好。O用国家赔偿投资创业 “萧山冤案”王建平公司上市"
1,100,安徽女大学生酒后与学弟开房坠亡确认是意外 家属向警方道歉1日芜湖女大学生坠亡后家属一度对其死因存疑8日家属及其律师认同芜湖警方对坠楼事件为意外的定性并感谢了每一位认真工作的民警鞠躬为自己的不恰当行为引起的网络争议向警方致歉O安徽女大学生酒后与学弟开房坠亡确认是意外 家属向警方道歉L女生跟两师弟开房坠亡电梯监控曝光,【安徽女大学生酒后与学弟开房坠亡确认是意外 家属向警方道歉】1日，芜湖女大学生坠亡后，家属一度对其死因存疑。8日，家属及其律师认同芜湖警方对坠楼事件为意外的定性，并感谢了每一位认真工作的民警，鞠躬为自己的不恰当行为引起的网络争议向警方致歉。O安徽女大学生酒后与学弟开房坠亡确认是意外 家属向警方道歉；L女生跟两师弟开房坠亡电梯监控曝光
1,103,网曝湖北巴东一村民被公安局职工持枪打死 官方系协警网曝12月7日巴东县村民王某被派出所职工董世军持枪打死网帖称事发后巴东县公安局以董世军摆弄气枪过失犯罪草草结案并劝其签署不追究董世军行政责任和刑事责任的谅解书官方回应董世军系协警已被刑拘O湖北巴东一村民被公安局职工持枪打死官方系协警,【网曝湖北巴东一村民被公安局职工持枪打死 官方：系协警】网曝12月7日，巴东县村民王某被派出所职工董世军持枪打死。网帖称事发后，巴东县公安局以董世军摆弄气枪过失犯罪草草结案，并劝其签署不追究董世军行政责任和刑事责任的谅解书。官方回应，董世军系协警，已被刑拘。O湖北巴东一村民被公安局职工持枪打死，官方：系协警
0,116,一名中学生叫周榆棍17岁请速回平山县医院妈妈伤的很严重想见她最后一面爸爸号码18332383039爱心接力 好人有好报nbspnbspnbspnbspnbspnbspnbspnbspnbspnbspnbspnbspnbspnbspnbspnbspnbspnbspnbspnbspnbspnbspnbspnbspnbspnbspnbspnbspnbspnbspnbspnbspnbspnbspnbspnbspnbspnbspnbspnbspnbspnbspnbspnbspnbspnbspnbspnbspnbspnbspnbspnbspnbspnbspnbspnbspnbspnbspnbspnbspnbspnbspnbspnbspnbspnbspnbspnbspnbsp雅安地震求急转 微博微信全用上,一名中学生，叫周榆棍，17岁，请速回平山县医院，妈妈伤的很严重，想见她最后一面，爸爸号码：18332383039爱心接力， 好人有好报&nbsp;&nbsp;&nbsp;&nbsp;&nbsp;&nbsp;&nbsp;&nbsp;&nbsp;&nbsp;&nbsp;&nbsp;&nbsp;&nbsp;&nbsp;&nbsp;&nbsp;&nbsp;&nbsp;&nbsp;&nbsp;&nbsp;&nbsp;&nbsp;&nbsp;&nbsp;&nbsp;&nbsp;&nbsp;&nbsp;&nbsp;&nbsp;&nbsp;&nbsp;&nbsp;&nbsp;&nbsp;&nbsp;&nbsp;&nbsp;&nbsp;&nbsp;&nbsp;&nbsp;&nbsp;&nbsp;&nbsp;&nbsp;&nbsp;&nbsp;&nbsp;&nbsp;&nbsp;&nbsp;&nbsp;&nbsp;&nbsp;&nbsp;&nbsp;&nbsp;&nbsp;&nbsp;&nbsp;&nbsp;&nbsp;&nbsp;&nbsp;&nbsp;&nbsp;雅安地震，求急转， 微博微信全用上
1,125,误存5万至去世前夫账户钱为啥拿不出来了北京的黄女士因拿错存折将5万现金存入已去世的前夫账户不知道密码多次沟通无效后诉诸法律银行否认存在过失称应由继承人去办公证公证后可重设密码取款而公证处说这笔钱不是逝者生前财产不能认定为遗产不能公证O黄女士因拿错了存折将5万元现金存进已故前夫的存折内因不知道前夫的账号密码钱款无法再取出多次与银行交涉未果后黄女士将银行起诉至法院要求对方返还5万元,【误存5万至去世前夫账户，钱为啥拿不出来了？】北京的黄女士因拿错存折，将5万现金存入已去世的前夫账户，不知道密码。多次沟通无效后诉诸法律。银行否认存在过失，称应由继承人去办公证，公证后可重设密码取款；而公证处说，这笔钱不是逝者生前财产，不能认定为遗产，不能公证。O黄女士因拿错了存折，将5万元现金存进已故前夫的存折内。因不知道前夫的账号密码，钱款无法再取出。多次与银行交涉未果后，黄女士将银行起诉至法院，要求对方返还5万元。
